SetId,UserRace,Age,Name,FName,URL
0001cc1e1e--61af8513667cba1b47349869,Hispanic,25,Weslley,ID_1.jpg,0001cc1e1e--61af8513667cba1b47349869_age_25_name_Weslley/ID_1.jpg
0001cc1e1e--61af8513667cba1b47349869,Hispanic,25,Weslley,ID_2.jpg,0001cc1e1e--61af8513667cba1b47349869_age_25_name_Weslley/ID_2.jpg
0001cc1e1e--61af8513667cba1b47349869,Hispanic,25,Weslley,Selfie_1.jpg,0001cc1e1e--61af8513667cba1b47349869_age_25_name_Weslley/Selfie_1.jpg
0001cc1e1e--61af8513667cba1b47349869,Hispanic,25,Weslley,Selfie_10.jpg,0001cc1e1e--61af8513667cba1b47349869_age_25_name_Weslley/Selfie_10.jpg
0001cc1e1e--61af8513667cba1b47349869,Hispanic,25,Weslley,Selfie_11.jpg,0001cc1e1e--61af8513667cba1b47349869_age_25_name_Weslley/Selfie_11.jpg
0001cc1e1e--61af8513667cba1b47349869,Hispanic,25,Weslley,Selfie_12.jpg,0001cc1e1e--61af8513667cba1b47349869_age_25_name_Weslley/Selfie_12.jpg
0001cc1e1e--61af8513667cba1b47349869,Hispanic,25,Weslley,Selfie_13.jpg,0001cc1e1e--61af8513667cba1b47349869_age_25_name_Weslley/Selfie_13.jpg
0001cc1e1e--61af8513667cba1b47349869,Hispanic,25,Weslley,Selfie_2.jpg,0001cc1e1e--61af8513667cba1b47349869_age_25_name_Weslley/Selfie_2.jpg
0001cc1e1e--61af8513667cba1b47349869,Hispanic,25,Weslley,Selfie_3.jpg,0001cc1e1e--61af8513667cba1b47349869_age_25_name_Weslley/Selfie_3.jpg
0001cc1e1e--61af8513667cba1b47349869,Hispanic,25,Weslley,Selfie_4.jpg,0001cc1e1e--61af8513667cba1b47349869_age_25_name_Weslley/Selfie_4.jpg
0001cc1e1e--61af8513667cba1b47349869,Hispanic,25,Weslley,Selfie_5.jpg,0001cc1e1e--61af8513667cba1b47349869_age_25_name_Weslley/Selfie_5.jpg
0001cc1e1e--61af8513667cba1b47349869,Hispanic,25,Weslley,Selfie_6.jpg,0001cc1e1e--61af8513667cba1b47349869_age_25_name_Weslley/Selfie_6.jpg
0001cc1e1e--61af8513667cba1b47349869,Hispanic,25,Weslley,Selfie_7.jpg,0001cc1e1e--61af8513667cba1b47349869_age_25_name_Weslley/Selfie_7.jpg
0001cc1e1e--61af8513667cba1b47349869,Hispanic,25,Weslley,Selfie_8.jpg,0001cc1e1e--61af8513667cba1b47349869_age_25_name_Weslley/Selfie_8.jpg
0001cc1e1e--61af8513667cba1b47349869,Hispanic,25,Weslley,Selfie_9.jpg,0001cc1e1e--61af8513667cba1b47349869_age_25_name_Weslley/Selfie_9.jpg
0001cc1e1e--61af86f374501f072edf6d2c,Hispanic,22,Juliana,ID_1.jpg,0001cc1e1e--61af86f374501f072edf6d2c_age_22_name_Juliana/ID_1.jpg
0001cc1e1e--61af86f374501f072edf6d2c,Hispanic,22,Juliana,ID_2.jpg,0001cc1e1e--61af86f374501f072edf6d2c_age_22_name_Juliana/ID_2.jpg
0001cc1e1e--61af86f374501f072edf6d2c,Hispanic,22,Juliana,Selfie_1.jpg,0001cc1e1e--61af86f374501f072edf6d2c_age_22_name_Juliana/Selfie_1.jpg
0001cc1e1e--61af86f374501f072edf6d2c,Hispanic,22,Juliana,Selfie_10.jpg,0001cc1e1e--61af86f374501f072edf6d2c_age_22_name_Juliana/Selfie_10.jpg
0001cc1e1e--61af86f374501f072edf6d2c,Hispanic,22,Juliana,Selfie_11.jpg,0001cc1e1e--61af86f374501f072edf6d2c_age_22_name_Juliana/Selfie_11.jpg
0001cc1e1e--61af86f374501f072edf6d2c,Hispanic,22,Juliana,Selfie_12.jpg,0001cc1e1e--61af86f374501f072edf6d2c_age_22_name_Juliana/Selfie_12.jpg
0001cc1e1e--61af86f374501f072edf6d2c,Hispanic,22,Juliana,Selfie_13.jpg,0001cc1e1e--61af86f374501f072edf6d2c_age_22_name_Juliana/Selfie_13.jpg
0001cc1e1e--61af86f374501f072edf6d2c,Hispanic,22,Juliana,Selfie_2.jpg,0001cc1e1e--61af86f374501f072edf6d2c_age_22_name_Juliana/Selfie_2.jpg
0001cc1e1e--61af86f374501f072edf6d2c,Hispanic,22,Juliana,Selfie_3.jpg,0001cc1e1e--61af86f374501f072edf6d2c_age_22_name_Juliana/Selfie_3.jpg
0001cc1e1e--61af86f374501f072edf6d2c,Hispanic,22,Juliana,Selfie_4.jpg,0001cc1e1e--61af86f374501f072edf6d2c_age_22_name_Juliana/Selfie_4.jpg
0001cc1e1e--61af86f374501f072edf6d2c,Hispanic,22,Juliana,Selfie_5.jpg,0001cc1e1e--61af86f374501f072edf6d2c_age_22_name_Juliana/Selfie_5.jpg
0001cc1e1e--61af86f374501f072edf6d2c,Hispanic,22,Juliana,Selfie_6.jpg,0001cc1e1e--61af86f374501f072edf6d2c_age_22_name_Juliana/Selfie_6.jpg
0001cc1e1e--61af86f374501f072edf6d2c,Hispanic,22,Juliana,Selfie_7.jpg,0001cc1e1e--61af86f374501f072edf6d2c_age_22_name_Juliana/Selfie_7.jpg
0001cc1e1e--61af86f374501f072edf6d2c,Hispanic,22,Juliana,Selfie_8.jpg,0001cc1e1e--61af86f374501f072edf6d2c_age_22_name_Juliana/Selfie_8.jpg
0001cc1e1e--61af86f374501f072edf6d2c,Hispanic,22,Juliana,Selfie_9.jpg,0001cc1e1e--61af86f374501f072edf6d2c_age_22_name_Juliana/Selfie_9.jpg
0001cc1e1e--61af892e1735844b198f7269,Hispanic,28,Luis,ID_1.jpg,0001cc1e1e--61af892e1735844b198f7269_age_28_name_Luis/ID_1.jpg
0001cc1e1e--61af892e1735844b198f7269,Hispanic,28,Luis,ID_2.jpg,0001cc1e1e--61af892e1735844b198f7269_age_28_name_Luis/ID_2.jpg
0001cc1e1e--61af892e1735844b198f7269,Hispanic,28,Luis,Selfie_1.jpg,0001cc1e1e--61af892e1735844b198f7269_age_28_name_Luis/Selfie_1.jpg
0001cc1e1e--61af892e1735844b198f7269,Hispanic,28,Luis,Selfie_10.jpg,0001cc1e1e--61af892e1735844b198f7269_age_28_name_Luis/Selfie_10.jpg
0001cc1e1e--61af892e1735844b198f7269,Hispanic,28,Luis,Selfie_11.jpg,0001cc1e1e--61af892e1735844b198f7269_age_28_name_Luis/Selfie_11.jpg
0001cc1e1e--61af892e1735844b198f7269,Hispanic,28,Luis,Selfie_12.jpg,0001cc1e1e--61af892e1735844b198f7269_age_28_name_Luis/Selfie_12.jpg
0001cc1e1e--61af892e1735844b198f7269,Hispanic,28,Luis,Selfie_13.jpg,0001cc1e1e--61af892e1735844b198f7269_age_28_name_Luis/Selfie_13.jpg
0001cc1e1e--61af892e1735844b198f7269,Hispanic,28,Luis,Selfie_2.jpg,0001cc1e1e--61af892e1735844b198f7269_age_28_name_Luis/Selfie_2.jpg
0001cc1e1e--61af892e1735844b198f7269,Hispanic,28,Luis,Selfie_3.jpg,0001cc1e1e--61af892e1735844b198f7269_age_28_name_Luis/Selfie_3.jpg
0001cc1e1e--61af892e1735844b198f7269,Hispanic,28,Luis,Selfie_4.jpg,0001cc1e1e--61af892e1735844b198f7269_age_28_name_Luis/Selfie_4.jpg
0001cc1e1e--61af892e1735844b198f7269,Hispanic,28,Luis,Selfie_5.jpg,0001cc1e1e--61af892e1735844b198f7269_age_28_name_Luis/Selfie_5.jpg
0001cc1e1e--61af892e1735844b198f7269,Hispanic,28,Luis,Selfie_6.jpg,0001cc1e1e--61af892e1735844b198f7269_age_28_name_Luis/Selfie_6.jpg
0001cc1e1e--61af892e1735844b198f7269,Hispanic,28,Luis,Selfie_7.jpg,0001cc1e1e--61af892e1735844b198f7269_age_28_name_Luis/Selfie_7.jpg
0001cc1e1e--61af892e1735844b198f7269,Hispanic,28,Luis,Selfie_8.jpg,0001cc1e1e--61af892e1735844b198f7269_age_28_name_Luis/Selfie_8.jpg
0001cc1e1e--61af892e1735844b198f7269,Hispanic,28,Luis,Selfie_9.jpg,0001cc1e1e--61af892e1735844b198f7269_age_28_name_Luis/Selfie_9.jpg
0001cc1e1e--61af89eea5a19325b68a2801,Hispanic,28,Rayanne,ID_1.jpg,0001cc1e1e--61af89eea5a19325b68a2801_age_28_name_Rayanne/ID_1.jpg
0001cc1e1e--61af89eea5a19325b68a2801,Hispanic,28,Rayanne,ID_2.jpg,0001cc1e1e--61af89eea5a19325b68a2801_age_28_name_Rayanne/ID_2.jpg
0001cc1e1e--61af89eea5a19325b68a2801,Hispanic,28,Rayanne,Selfie_1.jpg,0001cc1e1e--61af89eea5a19325b68a2801_age_28_name_Rayanne/Selfie_1.jpg
0001cc1e1e--61af89eea5a19325b68a2801,Hispanic,28,Rayanne,Selfie_10.jpg,0001cc1e1e--61af89eea5a19325b68a2801_age_28_name_Rayanne/Selfie_10.jpg
0001cc1e1e--61af89eea5a19325b68a2801,Hispanic,28,Rayanne,Selfie_11.jpg,0001cc1e1e--61af89eea5a19325b68a2801_age_28_name_Rayanne/Selfie_11.jpg
0001cc1e1e--61af89eea5a19325b68a2801,Hispanic,28,Rayanne,Selfie_12.jpg,0001cc1e1e--61af89eea5a19325b68a2801_age_28_name_Rayanne/Selfie_12.jpg
0001cc1e1e--61af89eea5a19325b68a2801,Hispanic,28,Rayanne,Selfie_13.jpg,0001cc1e1e--61af89eea5a19325b68a2801_age_28_name_Rayanne/Selfie_13.jpg
0001cc1e1e--61af89eea5a19325b68a2801,Hispanic,28,Rayanne,Selfie_2.jpg,0001cc1e1e--61af89eea5a19325b68a2801_age_28_name_Rayanne/Selfie_2.jpg
0001cc1e1e--61af89eea5a19325b68a2801,Hispanic,28,Rayanne,Selfie_3.jpg,0001cc1e1e--61af89eea5a19325b68a2801_age_28_name_Rayanne/Selfie_3.jpg
0001cc1e1e--61af89eea5a19325b68a2801,Hispanic,28,Rayanne,Selfie_4.jpg,0001cc1e1e--61af89eea5a19325b68a2801_age_28_name_Rayanne/Selfie_4.jpg
0001cc1e1e--61af89eea5a19325b68a2801,Hispanic,28,Rayanne,Selfie_5.jpg,0001cc1e1e--61af89eea5a19325b68a2801_age_28_name_Rayanne/Selfie_5.jpg
0001cc1e1e--61af89eea5a19325b68a2801,Hispanic,28,Rayanne,Selfie_6.jpg,0001cc1e1e--61af89eea5a19325b68a2801_age_28_name_Rayanne/Selfie_6.jpg
0001cc1e1e--61af89eea5a19325b68a2801,Hispanic,28,Rayanne,Selfie_7.jpg,0001cc1e1e--61af89eea5a19325b68a2801_age_28_name_Rayanne/Selfie_7.jpg
0001cc1e1e--61af89eea5a19325b68a2801,Hispanic,28,Rayanne,Selfie_8.jpg,0001cc1e1e--61af89eea5a19325b68a2801_age_28_name_Rayanne/Selfie_8.jpg
0001cc1e1e--61af89eea5a19325b68a2801,Hispanic,28,Rayanne,Selfie_9.jpg,0001cc1e1e--61af89eea5a19325b68a2801_age_28_name_Rayanne/Selfie_9.jpg
0001cc1e1e--61af8a351735844b198f7ade,Hispanic,26,Fernanda,ID_1.jpg,0001cc1e1e--61af8a351735844b198f7ade_age_26_name_Fernanda/ID_1.jpg
0001cc1e1e--61af8a351735844b198f7ade,Hispanic,26,Fernanda,ID_2.jpg,0001cc1e1e--61af8a351735844b198f7ade_age_26_name_Fernanda/ID_2.jpg
0001cc1e1e--61af8a351735844b198f7ade,Hispanic,26,Fernanda,Selfie_1.jpg,0001cc1e1e--61af8a351735844b198f7ade_age_26_name_Fernanda/Selfie_1.jpg
0001cc1e1e--61af8a351735844b198f7ade,Hispanic,26,Fernanda,Selfie_10.jpg,0001cc1e1e--61af8a351735844b198f7ade_age_26_name_Fernanda/Selfie_10.jpg
0001cc1e1e--61af8a351735844b198f7ade,Hispanic,26,Fernanda,Selfie_11.jpg,0001cc1e1e--61af8a351735844b198f7ade_age_26_name_Fernanda/Selfie_11.jpg
0001cc1e1e--61af8a351735844b198f7ade,Hispanic,26,Fernanda,Selfie_12.jpg,0001cc1e1e--61af8a351735844b198f7ade_age_26_name_Fernanda/Selfie_12.jpg
0001cc1e1e--61af8a351735844b198f7ade,Hispanic,26,Fernanda,Selfie_13.jpg,0001cc1e1e--61af8a351735844b198f7ade_age_26_name_Fernanda/Selfie_13.jpg
0001cc1e1e--61af8a351735844b198f7ade,Hispanic,26,Fernanda,Selfie_2.jpg,0001cc1e1e--61af8a351735844b198f7ade_age_26_name_Fernanda/Selfie_2.jpg
0001cc1e1e--61af8a351735844b198f7ade,Hispanic,26,Fernanda,Selfie_3.jpg,0001cc1e1e--61af8a351735844b198f7ade_age_26_name_Fernanda/Selfie_3.jpg
0001cc1e1e--61af8a351735844b198f7ade,Hispanic,26,Fernanda,Selfie_4.jpg,0001cc1e1e--61af8a351735844b198f7ade_age_26_name_Fernanda/Selfie_4.jpg
0001cc1e1e--61af8a351735844b198f7ade,Hispanic,26,Fernanda,Selfie_5.jpg,0001cc1e1e--61af8a351735844b198f7ade_age_26_name_Fernanda/Selfie_5.jpg
0001cc1e1e--61af8a351735844b198f7ade,Hispanic,26,Fernanda,Selfie_6.jpg,0001cc1e1e--61af8a351735844b198f7ade_age_26_name_Fernanda/Selfie_6.jpg
0001cc1e1e--61af8a351735844b198f7ade,Hispanic,26,Fernanda,Selfie_7.jpg,0001cc1e1e--61af8a351735844b198f7ade_age_26_name_Fernanda/Selfie_7.jpg
0001cc1e1e--61af8a351735844b198f7ade,Hispanic,26,Fernanda,Selfie_8.jpg,0001cc1e1e--61af8a351735844b198f7ade_age_26_name_Fernanda/Selfie_8.jpg
0001cc1e1e--61af8a351735844b198f7ade,Hispanic,26,Fernanda,Selfie_9.jpg,0001cc1e1e--61af8a351735844b198f7ade_age_26_name_Fernanda/Selfie_9.jpg
0001cc1e1e--61af8aa9d46ff461a71462cc,Hispanic,31,Daiane,ID_1.jpg,0001cc1e1e--61af8aa9d46ff461a71462cc_age_31_name_Daiane/ID_1.jpg
0001cc1e1e--61af8aa9d46ff461a71462cc,Hispanic,31,Daiane,ID_2.jpg,0001cc1e1e--61af8aa9d46ff461a71462cc_age_31_name_Daiane/ID_2.jpg
0001cc1e1e--61af8aa9d46ff461a71462cc,Hispanic,31,Daiane,Selfie_1.jpg,0001cc1e1e--61af8aa9d46ff461a71462cc_age_31_name_Daiane/Selfie_1.jpg
0001cc1e1e--61af8aa9d46ff461a71462cc,Hispanic,31,Daiane,Selfie_10.jpg,0001cc1e1e--61af8aa9d46ff461a71462cc_age_31_name_Daiane/Selfie_10.jpg
0001cc1e1e--61af8aa9d46ff461a71462cc,Hispanic,31,Daiane,Selfie_11.jpg,0001cc1e1e--61af8aa9d46ff461a71462cc_age_31_name_Daiane/Selfie_11.jpg
0001cc1e1e--61af8aa9d46ff461a71462cc,Hispanic,31,Daiane,Selfie_12.jpg,0001cc1e1e--61af8aa9d46ff461a71462cc_age_31_name_Daiane/Selfie_12.jpg
0001cc1e1e--61af8aa9d46ff461a71462cc,Hispanic,31,Daiane,Selfie_13.jpg,0001cc1e1e--61af8aa9d46ff461a71462cc_age_31_name_Daiane/Selfie_13.jpg
0001cc1e1e--61af8aa9d46ff461a71462cc,Hispanic,31,Daiane,Selfie_2.jpg,0001cc1e1e--61af8aa9d46ff461a71462cc_age_31_name_Daiane/Selfie_2.jpg
0001cc1e1e--61af8aa9d46ff461a71462cc,Hispanic,31,Daiane,Selfie_3.jpg,0001cc1e1e--61af8aa9d46ff461a71462cc_age_31_name_Daiane/Selfie_3.jpg
0001cc1e1e--61af8aa9d46ff461a71462cc,Hispanic,31,Daiane,Selfie_4.jpg,0001cc1e1e--61af8aa9d46ff461a71462cc_age_31_name_Daiane/Selfie_4.jpg
0001cc1e1e--61af8aa9d46ff461a71462cc,Hispanic,31,Daiane,Selfie_5.jpg,0001cc1e1e--61af8aa9d46ff461a71462cc_age_31_name_Daiane/Selfie_5.jpg
0001cc1e1e--61af8aa9d46ff461a71462cc,Hispanic,31,Daiane,Selfie_6.jpg,0001cc1e1e--61af8aa9d46ff461a71462cc_age_31_name_Daiane/Selfie_6.jpg
0001cc1e1e--61af8aa9d46ff461a71462cc,Hispanic,31,Daiane,Selfie_7.jpg,0001cc1e1e--61af8aa9d46ff461a71462cc_age_31_name_Daiane/Selfie_7.jpg
0001cc1e1e--61af8aa9d46ff461a71462cc,Hispanic,31,Daiane,Selfie_8.jpg,0001cc1e1e--61af8aa9d46ff461a71462cc_age_31_name_Daiane/Selfie_8.jpg
0001cc1e1e--61af8aa9d46ff461a71462cc,Hispanic,31,Daiane,Selfie_9.jpg,0001cc1e1e--61af8aa9d46ff461a71462cc_age_31_name_Daiane/Selfie_9.jpg
0001cc1e1e--61af8b9119bf98074e184806,Hispanic,32,Alejandra,ID_1.jpg,0001cc1e1e--61af8b9119bf98074e184806_age_32_name_Alejandra/ID_1.jpg
0001cc1e1e--61af8b9119bf98074e184806,Hispanic,32,Alejandra,ID_2.jpg,0001cc1e1e--61af8b9119bf98074e184806_age_32_name_Alejandra/ID_2.jpg
0001cc1e1e--61af8b9119bf98074e184806,Hispanic,32,Alejandra,Selfie_1.jpg,0001cc1e1e--61af8b9119bf98074e184806_age_32_name_Alejandra/Selfie_1.jpg
0001cc1e1e--61af8b9119bf98074e184806,Hispanic,32,Alejandra,Selfie_10.jpg,0001cc1e1e--61af8b9119bf98074e184806_age_32_name_Alejandra/Selfie_10.jpg
0001cc1e1e--61af8b9119bf98074e184806,Hispanic,32,Alejandra,Selfie_11.jpg,0001cc1e1e--61af8b9119bf98074e184806_age_32_name_Alejandra/Selfie_11.jpg
0001cc1e1e--61af8b9119bf98074e184806,Hispanic,32,Alejandra,Selfie_12.jpg,0001cc1e1e--61af8b9119bf98074e184806_age_32_name_Alejandra/Selfie_12.jpg
0001cc1e1e--61af8b9119bf98074e184806,Hispanic,32,Alejandra,Selfie_13.jpg,0001cc1e1e--61af8b9119bf98074e184806_age_32_name_Alejandra/Selfie_13.jpg
0001cc1e1e--61af8b9119bf98074e184806,Hispanic,32,Alejandra,Selfie_2.jpg,0001cc1e1e--61af8b9119bf98074e184806_age_32_name_Alejandra/Selfie_2.jpg
0001cc1e1e--61af8b9119bf98074e184806,Hispanic,32,Alejandra,Selfie_3.jpg,0001cc1e1e--61af8b9119bf98074e184806_age_32_name_Alejandra/Selfie_3.jpg
0001cc1e1e--61af8b9119bf98074e184806,Hispanic,32,Alejandra,Selfie_4.jpg,0001cc1e1e--61af8b9119bf98074e184806_age_32_name_Alejandra/Selfie_4.jpg
0001cc1e1e--61af8b9119bf98074e184806,Hispanic,32,Alejandra,Selfie_5.jpg,0001cc1e1e--61af8b9119bf98074e184806_age_32_name_Alejandra/Selfie_5.jpg
0001cc1e1e--61af8b9119bf98074e184806,Hispanic,32,Alejandra,Selfie_6.jpg,0001cc1e1e--61af8b9119bf98074e184806_age_32_name_Alejandra/Selfie_6.jpg
0001cc1e1e--61af8b9119bf98074e184806,Hispanic,32,Alejandra,Selfie_7.jpg,0001cc1e1e--61af8b9119bf98074e184806_age_32_name_Alejandra/Selfie_7.jpg
0001cc1e1e--61af8b9119bf98074e184806,Hispanic,32,Alejandra,Selfie_8.jpg,0001cc1e1e--61af8b9119bf98074e184806_age_32_name_Alejandra/Selfie_8.jpg
0001cc1e1e--61af8b9119bf98074e184806,Hispanic,32,Alejandra,Selfie_9.jpg,0001cc1e1e--61af8b9119bf98074e184806_age_32_name_Alejandra/Selfie_9.jpg
0001cc1e1e--61af8bd7667cba1b473506bd,Hispanic,34,Romulo,ID_1.jpg,0001cc1e1e--61af8bd7667cba1b473506bd_age_34_name_Romulo/ID_1.jpg
0001cc1e1e--61af8bd7667cba1b473506bd,Hispanic,34,Romulo,ID_2.jpg,0001cc1e1e--61af8bd7667cba1b473506bd_age_34_name_Romulo/ID_2.jpg
0001cc1e1e--61af8bd7667cba1b473506bd,Hispanic,34,Romulo,Selfie_1.jpg,0001cc1e1e--61af8bd7667cba1b473506bd_age_34_name_Romulo/Selfie_1.jpg
0001cc1e1e--61af8bd7667cba1b473506bd,Hispanic,34,Romulo,Selfie_10.jpg,0001cc1e1e--61af8bd7667cba1b473506bd_age_34_name_Romulo/Selfie_10.jpg
0001cc1e1e--61af8bd7667cba1b473506bd,Hispanic,34,Romulo,Selfie_11.jpg,0001cc1e1e--61af8bd7667cba1b473506bd_age_34_name_Romulo/Selfie_11.jpg
0001cc1e1e--61af8bd7667cba1b473506bd,Hispanic,34,Romulo,Selfie_12.jpg,0001cc1e1e--61af8bd7667cba1b473506bd_age_34_name_Romulo/Selfie_12.jpg
0001cc1e1e--61af8bd7667cba1b473506bd,Hispanic,34,Romulo,Selfie_13.jpg,0001cc1e1e--61af8bd7667cba1b473506bd_age_34_name_Romulo/Selfie_13.jpg
0001cc1e1e--61af8bd7667cba1b473506bd,Hispanic,34,Romulo,Selfie_2.jpg,0001cc1e1e--61af8bd7667cba1b473506bd_age_34_name_Romulo/Selfie_2.jpg
0001cc1e1e--61af8bd7667cba1b473506bd,Hispanic,34,Romulo,Selfie_3.jpg,0001cc1e1e--61af8bd7667cba1b473506bd_age_34_name_Romulo/Selfie_3.jpg
0001cc1e1e--61af8bd7667cba1b473506bd,Hispanic,34,Romulo,Selfie_4.jpg,0001cc1e1e--61af8bd7667cba1b473506bd_age_34_name_Romulo/Selfie_4.jpg
0001cc1e1e--61af8bd7667cba1b473506bd,Hispanic,34,Romulo,Selfie_5.jpg,0001cc1e1e--61af8bd7667cba1b473506bd_age_34_name_Romulo/Selfie_5.jpg
0001cc1e1e--61af8bd7667cba1b473506bd,Hispanic,34,Romulo,Selfie_6.jpg,0001cc1e1e--61af8bd7667cba1b473506bd_age_34_name_Romulo/Selfie_6.jpg
0001cc1e1e--61af8bd7667cba1b473506bd,Hispanic,34,Romulo,Selfie_7.jpg,0001cc1e1e--61af8bd7667cba1b473506bd_age_34_name_Romulo/Selfie_7.jpg
0001cc1e1e--61af8bd7667cba1b473506bd,Hispanic,34,Romulo,Selfie_8.jpg,0001cc1e1e--61af8bd7667cba1b473506bd_age_34_name_Romulo/Selfie_8.jpg
0001cc1e1e--61af8bd7667cba1b473506bd,Hispanic,34,Romulo,Selfie_9.jpg,0001cc1e1e--61af8bd7667cba1b473506bd_age_34_name_Romulo/Selfie_9.jpg
0001cc1e1e--61af8d2aad9d9c12b4864776,Hispanic,23,Matheus,ID_1.jpg,0001cc1e1e--61af8d2aad9d9c12b4864776_age_23_name_Matheus/ID_1.jpg
0001cc1e1e--61af8d2aad9d9c12b4864776,Hispanic,23,Matheus,ID_2.jpg,0001cc1e1e--61af8d2aad9d9c12b4864776_age_23_name_Matheus/ID_2.jpg
0001cc1e1e--61af8d2aad9d9c12b4864776,Hispanic,23,Matheus,Selfie_1.jpg,0001cc1e1e--61af8d2aad9d9c12b4864776_age_23_name_Matheus/Selfie_1.jpg
0001cc1e1e--61af8d2aad9d9c12b4864776,Hispanic,23,Matheus,Selfie_10.jpg,0001cc1e1e--61af8d2aad9d9c12b4864776_age_23_name_Matheus/Selfie_10.jpg
0001cc1e1e--61af8d2aad9d9c12b4864776,Hispanic,23,Matheus,Selfie_11.jpg,0001cc1e1e--61af8d2aad9d9c12b4864776_age_23_name_Matheus/Selfie_11.jpg
0001cc1e1e--61af8d2aad9d9c12b4864776,Hispanic,23,Matheus,Selfie_12.jpg,0001cc1e1e--61af8d2aad9d9c12b4864776_age_23_name_Matheus/Selfie_12.jpg
0001cc1e1e--61af8d2aad9d9c12b4864776,Hispanic,23,Matheus,Selfie_13.jpg,0001cc1e1e--61af8d2aad9d9c12b4864776_age_23_name_Matheus/Selfie_13.jpg
0001cc1e1e--61af8d2aad9d9c12b4864776,Hispanic,23,Matheus,Selfie_2.jpg,0001cc1e1e--61af8d2aad9d9c12b4864776_age_23_name_Matheus/Selfie_2.jpg
0001cc1e1e--61af8d2aad9d9c12b4864776,Hispanic,23,Matheus,Selfie_3.jpg,0001cc1e1e--61af8d2aad9d9c12b4864776_age_23_name_Matheus/Selfie_3.jpg
0001cc1e1e--61af8d2aad9d9c12b4864776,Hispanic,23,Matheus,Selfie_4.jpg,0001cc1e1e--61af8d2aad9d9c12b4864776_age_23_name_Matheus/Selfie_4.jpg
0001cc1e1e--61af8d2aad9d9c12b4864776,Hispanic,23,Matheus,Selfie_5.jpg,0001cc1e1e--61af8d2aad9d9c12b4864776_age_23_name_Matheus/Selfie_5.jpg
0001cc1e1e--61af8d2aad9d9c12b4864776,Hispanic,23,Matheus,Selfie_6.jpg,0001cc1e1e--61af8d2aad9d9c12b4864776_age_23_name_Matheus/Selfie_6.jpg
0001cc1e1e--61af8d2aad9d9c12b4864776,Hispanic,23,Matheus,Selfie_7.jpg,0001cc1e1e--61af8d2aad9d9c12b4864776_age_23_name_Matheus/Selfie_7.jpg
0001cc1e1e--61af8d2aad9d9c12b4864776,Hispanic,23,Matheus,Selfie_8.jpg,0001cc1e1e--61af8d2aad9d9c12b4864776_age_23_name_Matheus/Selfie_8.jpg
0001cc1e1e--61af8d2aad9d9c12b4864776,Hispanic,23,Matheus,Selfie_9.jpg,0001cc1e1e--61af8d2aad9d9c12b4864776_age_23_name_Matheus/Selfie_9.jpg
0001cc1e1e--61af8d4045612c79df65d153,Hispanic,20,Bruno,ID_1.jpg,0001cc1e1e--61af8d4045612c79df65d153_age_20_name_Bruno/ID_1.jpg
0001cc1e1e--61af8d4045612c79df65d153,Hispanic,20,Bruno,ID_2.jpg,0001cc1e1e--61af8d4045612c79df65d153_age_20_name_Bruno/ID_2.jpg
0001cc1e1e--61af8d4045612c79df65d153,Hispanic,20,Bruno,Selfie_1.jpg,0001cc1e1e--61af8d4045612c79df65d153_age_20_name_Bruno/Selfie_1.jpg
0001cc1e1e--61af8d4045612c79df65d153,Hispanic,20,Bruno,Selfie_10.jpg,0001cc1e1e--61af8d4045612c79df65d153_age_20_name_Bruno/Selfie_10.jpg
0001cc1e1e--61af8d4045612c79df65d153,Hispanic,20,Bruno,Selfie_11.jpg,0001cc1e1e--61af8d4045612c79df65d153_age_20_name_Bruno/Selfie_11.jpg
0001cc1e1e--61af8d4045612c79df65d153,Hispanic,20,Bruno,Selfie_12.jpg,0001cc1e1e--61af8d4045612c79df65d153_age_20_name_Bruno/Selfie_12.jpg
0001cc1e1e--61af8d4045612c79df65d153,Hispanic,20,Bruno,Selfie_13.jpg,0001cc1e1e--61af8d4045612c79df65d153_age_20_name_Bruno/Selfie_13.jpg
0001cc1e1e--61af8d4045612c79df65d153,Hispanic,20,Bruno,Selfie_2.jpg,0001cc1e1e--61af8d4045612c79df65d153_age_20_name_Bruno/Selfie_2.jpg
0001cc1e1e--61af8d4045612c79df65d153,Hispanic,20,Bruno,Selfie_3.jpg,0001cc1e1e--61af8d4045612c79df65d153_age_20_name_Bruno/Selfie_3.jpg
0001cc1e1e--61af8d4045612c79df65d153,Hispanic,20,Bruno,Selfie_4.jpg,0001cc1e1e--61af8d4045612c79df65d153_age_20_name_Bruno/Selfie_4.jpg
0001cc1e1e--61af8d4045612c79df65d153,Hispanic,20,Bruno,Selfie_5.jpg,0001cc1e1e--61af8d4045612c79df65d153_age_20_name_Bruno/Selfie_5.jpg
0001cc1e1e--61af8d4045612c79df65d153,Hispanic,20,Bruno,Selfie_6.jpg,0001cc1e1e--61af8d4045612c79df65d153_age_20_name_Bruno/Selfie_6.jpg
0001cc1e1e--61af8d4045612c79df65d153,Hispanic,20,Bruno,Selfie_7.jpg,0001cc1e1e--61af8d4045612c79df65d153_age_20_name_Bruno/Selfie_7.jpg
0001cc1e1e--61af8d4045612c79df65d153,Hispanic,20,Bruno,Selfie_8.jpg,0001cc1e1e--61af8d4045612c79df65d153_age_20_name_Bruno/Selfie_8.jpg
0001cc1e1e--61af8d4045612c79df65d153,Hispanic,20,Bruno,Selfie_9.jpg,0001cc1e1e--61af8d4045612c79df65d153_age_20_name_Bruno/Selfie_9.jpg
0001cc1e1e--61af91e464610d607e3a329e,Hispanic,20,Gabriel,ID_1.jpg,0001cc1e1e--61af91e464610d607e3a329e_age_20_name_Gabriel/ID_1.jpg
0001cc1e1e--61af91e464610d607e3a329e,Hispanic,20,Gabriel,ID_2.jpg,0001cc1e1e--61af91e464610d607e3a329e_age_20_name_Gabriel/ID_2.jpg
0001cc1e1e--61af91e464610d607e3a329e,Hispanic,20,Gabriel,Selfie_1.jpg,0001cc1e1e--61af91e464610d607e3a329e_age_20_name_Gabriel/Selfie_1.jpg
0001cc1e1e--61af91e464610d607e3a329e,Hispanic,20,Gabriel,Selfie_10.jpg,0001cc1e1e--61af91e464610d607e3a329e_age_20_name_Gabriel/Selfie_10.jpg
0001cc1e1e--61af91e464610d607e3a329e,Hispanic,20,Gabriel,Selfie_11.jpg,0001cc1e1e--61af91e464610d607e3a329e_age_20_name_Gabriel/Selfie_11.jpg
0001cc1e1e--61af91e464610d607e3a329e,Hispanic,20,Gabriel,Selfie_12.jpg,0001cc1e1e--61af91e464610d607e3a329e_age_20_name_Gabriel/Selfie_12.jpg
0001cc1e1e--61af91e464610d607e3a329e,Hispanic,20,Gabriel,Selfie_13.jpg,0001cc1e1e--61af91e464610d607e3a329e_age_20_name_Gabriel/Selfie_13.jpg
0001cc1e1e--61af91e464610d607e3a329e,Hispanic,20,Gabriel,Selfie_2.jpg,0001cc1e1e--61af91e464610d607e3a329e_age_20_name_Gabriel/Selfie_2.jpg
0001cc1e1e--61af91e464610d607e3a329e,Hispanic,20,Gabriel,Selfie_3.jpg,0001cc1e1e--61af91e464610d607e3a329e_age_20_name_Gabriel/Selfie_3.jpg
0001cc1e1e--61af91e464610d607e3a329e,Hispanic,20,Gabriel,Selfie_4.jpg,0001cc1e1e--61af91e464610d607e3a329e_age_20_name_Gabriel/Selfie_4.jpg
0001cc1e1e--61af91e464610d607e3a329e,Hispanic,20,Gabriel,Selfie_5.jpg,0001cc1e1e--61af91e464610d607e3a329e_age_20_name_Gabriel/Selfie_5.jpg
0001cc1e1e--61af91e464610d607e3a329e,Hispanic,20,Gabriel,Selfie_6.jpg,0001cc1e1e--61af91e464610d607e3a329e_age_20_name_Gabriel/Selfie_6.jpg
0001cc1e1e--61af91e464610d607e3a329e,Hispanic,20,Gabriel,Selfie_7.jpg,0001cc1e1e--61af91e464610d607e3a329e_age_20_name_Gabriel/Selfie_7.jpg
0001cc1e1e--61af91e464610d607e3a329e,Hispanic,20,Gabriel,Selfie_8.jpg,0001cc1e1e--61af91e464610d607e3a329e_age_20_name_Gabriel/Selfie_8.jpg
0001cc1e1e--61af91e464610d607e3a329e,Hispanic,20,Gabriel,Selfie_9.jpg,0001cc1e1e--61af91e464610d607e3a329e_age_20_name_Gabriel/Selfie_9.jpg
