harga,lokasi,luas_bangunan,luas_tanah,sertifikat,furnish,kamar_tidur,kamar_mandi,garasi,listrik
N/A,N/A,N/A,N/A,N/A,N/A,N/A,N/A,N/A,N/A
"Rp 2,8 Miliar","Kalimantan Timur, Samarinda, Sungai Pinang",218 m2,180 m2,SHM,Semi-furnished,3+1,3+1,N/A,4400 Watt
Rp 900 Juta,"Kalimantan Timur, Samarinda, Sungai Pinang",250 m2,300 m2,SHM,-,4,2,N/A,1300 Watt
N/A,N/A,N/A,N/A,N/A,N/A,N/A,N/A,N/A,N/A
Rp 11 Miliar,"Kalimantan Timur, Samarinda, Samarinda Kota",350 m2,558 m2,SHM,-,10,6,N/A,3500 Watt
"Rp 1,85 Miliar","Kalimantan Timur, Samarinda, Samarinda Seberang",90 m2,200 m2,SHM,Fully-furnished,3,2,N/A,1300 Watt
Rp 900 Juta,"Kalimantan Timur, Samarinda, Samarinda Kota",90 m2,200 m2,SHM,Fully-furnished,4,2,N/A,1300 Watt
"Rp 1,6 Miliar","Kalimantan Timur, Samarinda, Samarinda Ulu",220 m2,135 m2,SHM,-,4,3,N/A,1300 Watt
"Rp 2,2 Miliar","Kalimantan Timur, Samarinda, Samarinda Kota",140 m2,184 m2,SHM,Non-furnished,5+1,2+1,N/A,2200 Watt
N/A,N/A,N/A,N/A,N/A,N/A,N/A,N/A,N/A,N/A
Rp 950 Juta,"Kalimantan Timur, Samarinda, Sambutan",128 m2,225 m2,HGB,Non-furnished,3,2,N/A,1300 Watt
Rp 875 Juta,"Kalimantan Timur, Samarinda, Samarinda Utara",57 m2,200 m2,SHM,-,3,1,N/A,450 Watt
Rp 600 Juta,"Kalimantan Timur, Samarinda, Samarinda Ilir",115 m2,235 m2,SHM,-,2,1,N/A,1300 Watt
Rp 900 Juta,"Kalimantan Timur, Samarinda, Samarinda Utara",65 m2,75 m2,SHM,Non-furnished,2,2,N/A,2200 Watt
"Rp 1,3 Miliar","Kalimantan Timur, Samarinda, Sungai Kunjang",150 m2,200 m2,SHM,Non-furnished,3,3,N/A,1300 Watt
Rp 950 Juta,"Kalimantan Timur, Samarinda, Samarinda Kunjang",200 m2,111 m2,SHM,-,3,2,N/A,2200 Watt
"Rp 1,4 Miliar","Kalimantan Timur, Samarinda, Samarinda Seberang",250 m2,200 m2,SHM,-,6,3,N/A,1300 Watt
Rp 595 Juta,"Kalimantan Timur, Samarinda, Samarinda Utara",50 m2,100 m2,SHM,Non-furnished,2,1,N/A,1300 Watt
"Rp 1,2 Miliar","Kalimantan Timur, Samarinda, Loa Janan Ilir",200 m2,108 m2,SHM,Fully-furnished,3,2,N/A,2200 Watt
Rp 675 Juta,"Kalimantan Timur, Samarinda, Samarinda Utara",36 m2,259 m2,SHM,Non-furnished,2,1,N/A,1300 Watt
"Rp 3,3 Miliar Rp 80 Juta","Kalimantan Timur, Samarinda, Samarinda Kunjang",240 m2,240 m2,HGB,Semi-furnished,6,5,N/A,2200 Watt
Rp 695 Juta,"Kalimantan Timur, Samarinda, Sungai Pinang",112 m2,112 m2,SHM,Non-furnished,3,2,N/A,1300 Watt
"Rp 4,9 Miliar","Kalimantan Timur, Samarinda, Sungai Pinang",320 m2,200 m2,SHM,-,4,4,N/A,3500 Watt
Rp 590 Juta,"Kalimantan Timur, Samarinda, Samarinda Utara",140 m2,259 m2,SHM,Semi-furnished,2,1,N/A,1300 Watt
N/A,N/A,N/A,N/A,N/A,N/A,N/A,N/A,N/A,N/A
Rp 950 Juta,"Kalimantan Timur, Samarinda, Samarinda Kota",70 m2,94 m2,SHM,-,2,1,N/A,2200 Watt
"
Rp 1,25 Miliar
","Kalimantan Timur, Samarinda, Samarinda Seberang",200 m2,108 m2,SHM,-,3,2,N/A,2200 Watt
Rp 750 Juta,"Kalimantan Timur, Samarinda, Samarinda Utara",80 m2,105 m2,SHM,Non-furnished,3,2,N/A,2200 Watt
N/A,N/A,N/A,N/A,N/A,N/A,N/A,N/A,N/A,N/A
Rp 450 Juta,"Kalimantan Timur, Samarinda, Samarinda Utara",42 m2,100 m2,SHM,Non-furnished,2,1,N/A,1300 Watt
"Rp 3,9 Miliar","Kalimantan Timur, Samarinda, Samarinda Ulu",450 m2,345 m2,SHM,-,4,4,N/A,3500 Watt
N/A,N/A,N/A,N/A,N/A,N/A,N/A,N/A,N/A,N/A
"Rp 4,1 Miliar","Kalimantan Timur, Samarinda, Samarinda Ulu",250 m2,299 m2,HGB,-,6,4,N/A,3500 Watt
Rp 445 Juta,"Kalimantan Timur, Samarinda, Samarinda Seberang",36 m2,91 m2,HGB,-,2,1,N/A,1300 Watt
Rp 459 Juta,"Kalimantan Timur, Samarinda, Samarinda Seberang",40 m2,91 m2,HGB,-,2,1,N/A,1300 Watt
Rp 350 Juta,"Kalimantan Timur, Samarinda, Samarinda Kunjang",45 m2,103 m2,SHM,Non-furnished,2,1,N/A,1300 Watt
"Rp 2,5 Miliar","Kalimantan Timur, Samarinda, Samarinda Kota",180 m2,285 m2,HGB,Non-furnished,4,5,N/A,3500 Watt
N/A,N/A,N/A,N/A,N/A,N/A,N/A,N/A,N/A,N/A
Rp 600 Juta,"Kalimantan Timur, Samarinda, Sambutan",110 m2,110 m2,SHM,Non-furnished,2,1,N/A,900 Watt
"Rp 1,95 Miliar","Kalimantan Timur, Samarinda, Sungai Kunjang",186 m2,292 m2,SHM,Semi-furnished,4,3,N/A,1300 Watt
Rp 8 Miliar Rp 180 Juta,"Kalimantan Timur, Samarinda, Loa Janan Ilir",800 m2,1075 m2,SHM,Semi-furnished,6,6,N/A,2200 Watt
Rp 20 Miliar,"Kalimantan Timur, Samarinda, Samarinda Ulu",270 m2,1146 m2,SHM,-,5,3,N/A,3500 Watt
"Rp 2,3 Miliar Rp 60 Juta","Kalimantan Timur, Samarinda, Samarinda Ulu",198 m2,198 m2,SHM,Fully-furnished,5,4,N/A,4400 Watt
"Rp 1,5 Miliar","Kalimantan Timur, Samarinda, Samarinda Ulu",150 m2,150 m2,SHM,Non-furnished,3,2,N/A,1300 Watt
"Rp 2,5 Miliar","Kalimantan Timur, Samarinda, Samarinda Ulu",149 m2,144 m2,SHM,Non-furnished,5,6,N/A,2200 Watt
"Rp 3,4 Miliar","Kalimantan Timur, Samarinda, Samarinda Ulu",500 m2,375 m2,SHM,-,6,4,N/A,5500 Watt
N/A,N/A,N/A,N/A,N/A,N/A,N/A,N/A,N/A,N/A
Rp 720 Juta Rp 50 Juta,"Kalimantan Timur, Samarinda, Palaran",216 m2,216 m2,SHM,Non-furnished,2,2,N/A,1300 Watt
"Rp 2,45 Miliar","Kalimantan Timur, Samarinda, Samarinda Kota",140 m2,105 m2,SHM,Non-furnished,3,2,N/A,2200 Watt
N/A,N/A,N/A,N/A,N/A,N/A,N/A,N/A,N/A,N/A
"Rp 1,2 Miliar","Kalimantan Timur, Samarinda, Samarinda Ulu",82 m2,72 m2,HGB,Non-furnished,3,2,N/A,2200 Watt
"Rp 1,5 Miliar","Kalimantan Timur, Samarinda, Loa Janan Ilir",300 m2,162 m2,SHM,Fully-furnished,3,3,N/A,2200 Watt
Rp 800 Juta,"Kalimantan Timur, Samarinda, Samarinda Utara",40 m2,120 m2,HGB,-,3,2,N/A,2200 Watt
Rp 420 Juta,"Kalimantan Timur, Samarinda, Sungai Kunjang",36 m2,90 m2,SHM,Non-furnished,2,1,N/A,1300 Watt
"Rp 2,4 Miliar","Kalimantan Timur, Samarinda, Samarinda Utara",300 m2,212 m2,SHM,-,5,4,N/A,3500 Watt
"Rp 3,5 Miliar","Kalimantan Timur, Samarinda, Sungai Kunjang",680 m2,544 m2,SHM,-,8,5,N/A,3500 Watt
Rp 670 Juta,"Kalimantan Timur, Samarinda, Sungai Pinang",60 m2,84 m2,SHM,-,2,2,N/A,1300 Watt
"Rp 2,5 Miliar","Kalimantan Timur, Samarinda, Sungai Kunjang",190 m2,204 m2,SHM,-,4,3,N/A,3500 Watt
N/A,N/A,N/A,N/A,N/A,N/A,N/A,N/A,N/A,N/A
"Rp 1,1 Miliar","Kalimantan Timur, Samarinda, Samarinda Ilir",100 m2,120 m2,SHM,-,3,2,N/A,1300 Watt
"Rp 1,15 Miliar","Kalimantan Timur, Samarinda, Samarinda Seberang",63 m2,162 m2,SHM,-,2,1,N/A,2200 Watt
"Rp 1,4 Miliar","Kalimantan Timur, Samarinda, Samarinda Ulu",1930 m2,17949 m2,SHM,-,4,4,N/A,1300 Watt
"Rp 2,75 Miliar","Kalimantan Timur, Samarinda, Samarinda Ulu",140 m2,184 m2,SHM,-,5,3,N/A,2200 Watt
"Rp 1,2 Miliar","Kalimantan Timur, Samarinda, Sungai Kunjang",220 m2,135 m2,SHM,-,4,4,N/A,2200 Watt
"Rp 1,2 Miliar","Kalimantan Timur, Samarinda, Samarinda Kunjang",240 m2,135 m2,SHM,-,3,3,N/A,2200 Watt
"Rp 1,45 Miliar","Kalimantan Timur, Samarinda, Samarinda Kota",170 m2,190 m2,SHM,-,5,1,N/A,900 Watt
Rp 800 Juta,"Kalimantan Timur, Samarinda, Samarinda Ulu",150 m2,200 m2,SHM,-,3,2,N/A,1300 Watt
Rp 5 Miliar,"Kalimantan Timur, Samarinda, Samarinda Ulu",360 m2,314 m2,HGB,-,5,5,N/A,4400 Watt
Rp 6 Miliar Rp 200 Juta,"Kalimantan Timur, Samarinda, Samarinda Ulu",300 m2,400 m2,SHM,-,5,3,N/A,4400 Watt
"Rp 1,6 Miliar","Kalimantan Timur, Samarinda, Samarinda Utara",480 m2,160 m2,SHM,-,6,3,N/A,2200 Watt
Rp 510 Juta,"Kalimantan Timur, Samarinda, Samarinda Ilir",79 m2,77 m2,SHM,Fully-furnished,2,1,N/A,900 Watt
Rp 350 Juta,"Kalimantan Timur, Samarinda, Sungai Pinang",67 m2,110 m2,SHM,-,2,1,N/A,1300 Watt
Rp 440 Juta,"Kalimantan Timur, Samarinda, Sungai Pinang",40 m2,60 m2,SHM,Semi-furnished,2,1,N/A,1300 Watt
Rp 3 Miliar,"Kalimantan Timur, Samarinda, Samarinda Ilir",235 m2,467 m2,SHM,-,6,3,N/A,3500 Watt
"Rp 1,5 Miliar","Kalimantan Timur, Samarinda, Sungai Pinang",120 m2,128 m2,SHM,-,4,2,N/A,2200 Watt
Rp 9 Miliar Rp 300 Juta,"Kalimantan Timur, Samarinda, Samarinda Ulu",450 m2,618 m2,SHM,-,7,5,N/A,6600 Watt
"Rp 2,8 Miliar","Kalimantan Timur, Samarinda, Samarinda Ulu",260 m2,256 m2,SHM,Non-furnished,3,3,N/A,2200 Watt
Rp 930 Juta,"Kalimantan Timur, Samarinda, Samarinda Ulu",38 m2,97 m2,SHM,-,2,1,N/A,1300 Watt
N/A,N/A,N/A,N/A,N/A,N/A,N/A,N/A,N/A,N/A
Rp 8 Miliar,"Kalimantan Timur, Samarinda, Sungai Kunjang",160 m2,558 m2,SHM,Non-furnished,5,2,N/A,5500 Watt
"Rp 1,62 Miliar","Kalimantan Timur, Samarinda, Samarinda Utara",84 m2,105 m2,SHM,Non-furnished,3,2,N/A,2200 Watt
"Rp 2,5 Miliar","Kalimantan Timur, Samarinda, Samarinda Utara",400 m2,200 m2,SHM,-,4,3,N/A,2200 Watt
Rp 4 Miliar,"Kalimantan Timur, Samarinda, Samarinda Ulu",120 m2,540 m2,SHM,-,3,2,N/A,2200 Watt
Rp 499 Juta,"Kalimantan Timur, Samarinda, Palaran",46 m2,140 m2,Lain-lain,-,2,1,N/A,1300 Watt
"Rp 2,3 Miliar","Kalimantan Timur, Samarinda, Samarinda Utara",120 m2,184 m2,SHM,-,4+1,3,N/A,5500 Watt
"Rp 1,2 Miliar","Kalimantan Timur, Samarinda, Samarinda Utara",155 m2,220 m2,SHM,-,4,2,N/A,2200 Watt
Rp 816 Juta,"Kalimantan Timur, Samarinda, Samarinda Seberang",48 m2,105 m2,HGB,-,2,1,N/A,2200 Watt
"Rp 5,35 Miliar","Kalimantan Timur, Samarinda, Samarinda Utara",450 m2,269 m2,SHM,Non-furnished,4,2,N/A,2200 Watt
"Rp 3,6 Miliar","Kalimantan Timur, Samarinda, Samarinda Ilir",369 m2,208 m2,SHM,-,4,2,N/A,1300 Watt
Rp 5 Miliar,"Kalimantan Timur, Samarinda, Samarinda Ilir",400 m2,400 m2,SHM,-,6,2,N/A,2200 Watt
"Rp 1,5 Miliar","Kalimantan Timur, Samarinda, Sambutan",108 m2,200 m2,SHM,-,3,2,N/A,3500 Watt
N/A,N/A,N/A,N/A,N/A,N/A,N/A,N/A,N/A,N/A
Rp 2 Miliar,"Kalimantan Timur, Samarinda, Loa Janan Ilir",150 m2,391 m2,HGB,-,3,2,N/A,2200 Watt
"Rp 2,3 Miliar","Kalimantan Timur, Samarinda, Samarinda Kota",250 m2,163 m2,SHM,Fully-furnished,3+-1,3+2,N/A,4400 Watt
N/A,N/A,N/A,N/A,N/A,N/A,N/A,N/A,N/A,N/A
"Rp 2,8 Miliar","Kalimantan Timur, Samarinda, Samarinda Ulu",162 m2,407 m2,SHM,-,3,2,N/A,2200 Watt
"Rp 8,25 Miliar","Kalimantan Timur, Samarinda, Samarinda Ilir",350 m2,366 m2,SHM,-,5,4,N/A,2200 Watt
Rp 2 Miliar,"Kalimantan Timur, Samarinda, Samarinda Kota",200 m2,270 m2,SHM,-,2,1,N/A,1300 Watt
"Rp 1,48 Miliar","Kalimantan Timur, Samarinda, Samarinda Ilir",100 m2,140 m2,HGB,-,2,1,N/A,900 Watt
"Rp 1,89 Miliar","Kalimantan Timur, Samarinda, Samarinda Ilir",100 m2,140 m2,HGB,-,3,2,N/A,1300 Watt
Rp 950 Juta,"Kalimantan Timur, Samarinda, Samarinda Kunjang",120 m2,147 m2,SHM,-,2,1,N/A,1300 Watt
"Rp 1,7 Miliar","Kalimantan Timur, Samarinda, Samarinda Ilir",128 m2,128 m2,SHM,-,3,2,N/A,1300 Watt
"Rp 1,8 Miliar","Kalimantan Timur, Samarinda, Samarinda Kota",250 m2,250 m2,SHM,Fully-furnished,4,4,N/A,2200 Watt
Rp 650 Juta,"Kalimantan Timur, Samarinda, Samarinda Kota",144 m2,144 m2,SHM,-,4,1,N/A,2200 Watt
"Rp 4,9 Miliar","Kalimantan Timur, Samarinda, Samarinda Ilir",400 m2,300 m2,SHM,-,5,3,N/A,4400 Watt
Rp 2 Miliar,"Kalimantan Timur, Samarinda, Samarinda Ilir",14 m2,11 m2,SHM,-,4,4,N/A,2200 Watt
"Rp 1,8 Miliar","Kalimantan Timur, Samarinda, Samarinda Ilir",78 m2,186 m2,SHM,-,3,3,N/A,2200 Watt
Rp 15 Miliar,"Kalimantan Timur, Samarinda, Samarinda Kota",950 m2,950 m2,SHM,Non-furnished,56,56,N/A,3500 Watt
"Rp 4,9 Miliar","Kalimantan Timur, Samarinda, Samarinda Ilir",400 m2,300 m2,SHM,Fully-furnished,5,3,N/A,4400 Watt
"Rp 2,25 Miliar","Kalimantan Timur, Samarinda, Samarinda Ilir",144 m2,144 m2,SHM,-,4,3,N/A,2200 Watt
Rp 6 Miliar,"Kalimantan Timur, Samarinda, Samarinda Ilir",1400 m2,625 m2,SHM,-,1400,12,N/A,3500 Watt
"Rp 1,99 Miliar","Kalimantan Timur, Samarinda, Samarinda Ilir",96 m2,126 m2,HGB,-,3,2,N/A,1300 Watt
"Rp 1,7 Miliar","Kalimantan Timur, Samarinda, Samarinda Ilir",250 m2,241 m2,SHM,-,8,2,N/A,2200 Watt
Rp 3 Miliar,"Kalimantan Timur, Samarinda, Samarinda Kota",400 m2,367 m2,SHM,-,6,6,N/A,3500 Watt
"Rp 3,5 Miliar","Kalimantan Timur, Samarinda, Samarinda Kota",200 m2,225 m2,SHM,-,4,1,N/A,2200 Watt
N/A,N/A,N/A,N/A,N/A,N/A,N/A,N/A,N/A,N/A
"Rp 3,5 Miliar","Kalimantan Timur, Samarinda, Samarinda Kota",600 m2,300 m2,SHM,Non-furnished,6,4,N/A,5500 Watt
N/A,N/A,N/A,N/A,N/A,N/A,N/A,N/A,N/A,N/A
"Rp 2,9 Miliar","Kalimantan Timur, Samarinda, Samarinda Kota",200 m2,196 m2,HGB,Fully-furnished,5,3,N/A,2200 Watt
N/A,N/A,N/A,N/A,N/A,N/A,N/A,N/A,N/A,N/A
"Rp 4,25 Miliar","Kalimantan Timur, Samarinda, Sungai Pinang",300 m2,450 m2,SHM,-,11,10,N/A,2200 Watt
"Rp 2,44 Miliar","Kalimantan Timur, Samarinda, Samarinda Kota",144 m2,128 m2,HGB,Non-furnished,5,4,N/A,2200 Watt
"Rp 1,5 Miliar","Kalimantan Timur, Samarinda, Samarinda Kota",36 m2,90 m2,SHM,Non-furnished,2,1,N/A,1300 Watt
"Rp 3,9 Miliar","Kalimantan Timur, Samarinda, Samarinda Utara",400 m2,300 m2,SHM,-,6,4,N/A,3500 Watt
Rp 1 Miliar,"Kalimantan Timur, Samarinda, Samarinda Kota",240 m2,150 m2,SHM,-,4,2,N/A,2200 Watt
Rp 400 Juta,"Kalimantan Timur, Samarinda, Samarinda Kota",80 m2,231 m2,SHM,Non-furnished,3,2,N/A,1300 Watt
"Rp 1,2 Miliar","Kalimantan Timur, Samarinda, Samarinda Kota",72 m2,120 m2,SHM,-,3,2,N/A,1300 Watt
"Rp 2,08 Miliar","Kalimantan Timur, Samarinda, Samarinda Kota",93 m2,140 m2,HGB,Fully-furnished,3,2,N/A,2200 Watt
Rp 3 Miliar,"Kalimantan Timur, Samarinda, Samarinda Kota",200 m2,210 m2,Lain-lain,-,9,9,N/A,2200 Watt
Rp 500 Juta,"Kalimantan Timur, Samarinda, Samarinda Kota",45 m2,100 m2,SHM,Non-furnished,2,1,N/A,1300 Watt
Rp 1 Miliar,"Kalimantan Timur, Samarinda, Samarinda Ulu",150 m2,105 m2,SHM,-,3,2,N/A,1300 Watt
Rp 850 Juta,"Kalimantan Timur, Samarinda, Samarinda Utara",286 m2,300 m2,SHM,-,2,2,N/A,1300 Watt
"Rp 2,5 Miliar","Kalimantan Timur, Samarinda, Samarinda Ulu",250 m2,300 m2,SHM,-,3,2,N/A,1300 Watt
"Rp 1,3 Miliar","Kalimantan Timur, Samarinda, Samarinda Ulu",150 m2,200 m2,SHM,-,2,1,N/A,1300 Watt
N/A,N/A,N/A,N/A,N/A,N/A,N/A,N/A,N/A,N/A
"Rp 1,1 Miliar","Kalimantan Timur, Samarinda, Samarinda Utara",250 m2,300 m2,SHM,-,3,2,N/A,1300 Watt
Rp 1 Miliar,"Kalimantan Timur, Samarinda, Sungai Kunjang",180 m2,250 m2,SHM,-,4,2,N/A,1300 Watt
N/A,N/A,N/A,N/A,N/A,N/A,N/A,N/A,N/A,N/A
Rp 5 Miliar,"Kalimantan Timur, Samarinda, Samarinda Ulu",250 m2,350 m2,SHM,-,3,2,N/A,1300 Watt
Rp 400 Juta,"Kalimantan Timur, Samarinda, Samarinda Kota",20 m2,106 m2,SHM,Non-furnished,1,1,N/A,2200 Watt
Rp 7 Miliar,"Kalimantan Timur, Samarinda, Samarinda Ulu",310 m2,440 m2,SHM,-,3,4,N/A,3500 Watt
"Rp 3,2 Miliar Rp 130 Juta","Kalimantan Timur, Samarinda, Samarinda Ulu",250 m2,276 m2,SHM,-,4,4,N/A,4400 Watt
"Rp 7,7 Miliar","Kalimantan Timur, Samarinda, Sungai Pinang",276 m2,506 m2,SHM,-,8,5,N/A,3500 Watt
Rp 6 Miliar,"Kalimantan Timur, Samarinda, Samarinda Kota",374 m2,165 m2,SHM,-,3,2,N/A,5500 Watt
"Rp 2,2 Miliar","Kalimantan Timur, Samarinda, Samarinda Ulu",250 m2,163 m2,SHM,Fully-furnished,4,4,N/A,4400 Watt
Rp 800 Juta,"Kalimantan Timur, Samarinda, Sungai Kunjang",160 m2,98 m2,SHM,Non-furnished,3,2,N/A,2200 Watt
Rp 2 Miliar Rp 75 Juta,"Kalimantan Timur, Samarinda, Sungai Pinang",170 m2,126 m2,SHM,-,4,3,N/A,3500 Watt
"Rp 1,65 Miliar","Kalimantan Timur, Samarinda, Samarinda Kota",300 m2,150 m2,SHM,Fully-furnished, 4,3,N/A,2200 Watt
"Rp 5,7 Miliar Rp 175 Juta","Kalimantan Timur, Samarinda, Samarinda Ulu",400 m2,365 m2,SHM,-,5,3,N/A,3500 Watt
Rp 500 Juta,"Kalimantan Timur, Samarinda, Loa Janan Ilir",84 m2,126 m2,SHM,-,3,1,N/A,1300 Watt
Rp 525 Juta,"Kalimantan Timur, Samarinda, Sambutan",110 m2,110 m2,SHM,-,2,1,N/A,900 Watt
Rp 400 Juta,"Kalimantan Timur, Samarinda, Sungai Kunjang",144 m2,168 m2,SHM,-,4,1,N/A,900 Watt
N/A,N/A,N/A,N/A,N/A,N/A,N/A,N/A,N/A,N/A
Rp 448 Juta,"Kalimantan Timur, Samarinda, Sungai Kunjang",46 m2,102 m2,SHM,-,3,2,N/A,1300 Watt
Rp 448 Juta,"Kalimantan Timur, Samarinda, Sungai Kunjang",46 m2,102 m2,SHM,-,3,2,N/A,1300 Watt
Rp 570 Juta,"Kalimantan Timur, Samarinda, Samarinda Kota",90 m2,38 m2,SHM,Semi-furnished,2,1,N/A,2200 Watt
Rp 925 Juta,"Kalimantan Timur, Samarinda, Samarinda Ulu",98 m2,98 m2,SHM,-,3,2,N/A,2200 Watt
Rp 800 Juta,"Kalimantan Timur, Samarinda, Samarinda Kota",150 m2,207 m2,SHM,-,3,2,N/A,1300 Watt
"Rp 6,5 Miliar","Kalimantan Timur, Samarinda, Samarinda Kota",200 m2,312 m2,SHM,-,7,3,N/A,2200 Watt
"Rp 1,01 Miliar","Kalimantan Timur, Samarinda, Sungai Pinang",45 m2,126 m2,HGB,-,2,1,N/A,2200 Watt
"Rp 1,06 Miliar","Kalimantan Timur, Samarinda, Sungai Pinang",34 m2,150 m2,HGB,-,2,1,N/A,2200 Watt
Rp 500 Juta,"Kalimantan Timur, Samarinda, Sungai Kunjang",96 m2,144 m2,SHM,-,2,1,N/A,1300 Watt
"Rp 1,6 Miliar","Kalimantan Timur, Samarinda, Samarinda Ulu",300 m2,309 m2,Lain-lain,-,4,2,N/A,2200 Watt
Rp 550 Juta,"Kalimantan Timur, Samarinda, Sambutan",120 m2,120 m2,SHM,-,3,3,N/A,1300 Watt
Rp 525 Juta,"Kalimantan Timur, Samarinda, Samarinda Ulu",96 m2,96 m2,Lain-lain,-,02,02,N/A,1300 Watt
"Rp 1,35 Miliar","Kalimantan Timur, Samarinda, Samarinda Kota",120 m2,200 m2,SHM,-,2,1,N/A,1300 Watt
Rp 850 Juta,"Kalimantan Timur, Samarinda, Sambutan",54 m2,144 m2,SHM,Non-furnished,2,1,N/A,2200 Watt
Rp 2 Miliar,"Kalimantan Timur, Samarinda, Samarinda Utara",100 m2,300 m2,SHM,Non-furnished,3,3,N/A,3500 Watt
"Rp 1,5 Miliar","Kalimantan Timur, Samarinda, Sungai Pinang",84 m2,105 m2,SHM,-,3,2,N/A,1300 Watt
"Rp 1,2 Miliar","Kalimantan Timur, Samarinda, Sungai Pinang",176 m2,144 m2,HGB,-,3+1,2+1,N/A,2200 Watt
Rp 7 Miliar,"Kalimantan Timur, Samarinda, Samarinda Kota",350 m2,408 m2,SHM,-,5,1,N/A,2200 Watt
"Rp 1,6 Miliar","Kalimantan Timur, Samarinda, Samarinda Ulu",270 m2,300 m2,SHM,-,5,2,N/A,2200 Watt
"Rp 8,5 Miliar","Kalimantan Timur, Samarinda, Sungai Pinang",403 m2,873 m2,SHM,-,3+1,3+1,N/A,5500 Watt
"Rp 1,4 Miliar","Kalimantan Timur, Samarinda, Sungai Pinang",168 m2,105 m2,SHM,Semi-furnished,3,2,N/A,6600 Watt
Rp 1 Miliar,"Kalimantan Timur, Samarinda, Samarinda Utara",200 m2,298 m2,SHM,-,5,3,N/A,2200 Watt
"Rp 2,15 Miliar","Kalimantan Timur, Samarinda, Samarinda Ulu",125 m2,180 m2,SHM,-,3,3,N/A,3500 Watt
Rp 850 Juta,"Kalimantan Timur, Samarinda, Samarinda Kunjang",200 m2,100 m2,SHM,Non-furnished,1,2,N/A,2200 Watt
Rp 2 Miliar,"Kalimantan Timur, Samarinda, Samarinda Kota",60 m2,131 m2,SHM,-,2,2,N/A,2200 Watt
Rp 800 Juta,"Kalimantan Timur, Samarinda, Loa Janan Ilir",90 m2,135 m2,SHM,-,3,1,N/A,1300 Watt
Rp 625 Juta,"Kalimantan Timur, Samarinda, Sambutan",65 m2,135 m2,SHM,-,2,1,N/A,2200 Watt
"Rp 1,65 Miliar Rp 45 Juta","Kalimantan Timur, Samarinda, Palaran",160 m2,120 m2,HGB,-,3,2,N/A,2200 Watt
"Rp 2,7 Miliar","Kalimantan Timur, Samarinda, Samarinda Kota",150 m2,200 m2,SHM,-,3,3,N/A,3500 Watt
Rp 950 Juta,"Kalimantan Timur, Samarinda, Sungai Kunjang",176 m2,280 m2,SHM,-,4,3,N/A,2200 Watt
N/A,N/A,N/A,N/A,N/A,N/A,N/A,N/A,N/A,N/A
"Rp 2,7 Miliar","Kalimantan Timur, Samarinda, Samarinda Ulu",200 m2,234 m2,SHM,-,4,3,N/A,2200 Watt
Rp 500 Juta,"Kalimantan Timur, Samarinda, Samarinda Kota",50 m2,105 m2,SHM,-,2,2,N/A,2200 Watt
Rp 500 Juta,"Kalimantan Timur, Samarinda, Loa Janan Ilir",75 m2,110 m2,SHM,-,2,2-,N/A,1300 Watt
"Rp 1,65 Miliar","Kalimantan Timur, Samarinda, Samarinda Ulu",100 m2,167 m2,SHM,Semi-furnished,2+1,4,N/A,3500 Watt
N/A,N/A,N/A,N/A,N/A,N/A,N/A,N/A,N/A,N/A
Rp 500 Juta,"Kalimantan Timur, Samarinda, Samarinda Kota",90 m2,120 m2,SHM,Non-furnished,2,1,N/A,1300 Watt
"Rp 1,7 Miliar","Kalimantan Timur, Samarinda, Sungai Pinang",120 m2,105 m2,SHM,-,3,2,N/A,2200 Watt
"Rp 5,3 Miliar","Kalimantan Timur, Samarinda, Sungai Pinang",216 m2,480 m2,SHM,-,3+2,4+1,N/A,2200 Watt
Rp 5 Miliar,"Kalimantan Timur, Samarinda, Sungai Pinang",380 m2,469 m2,SHM,-,4+1,5+1,N/A,2200 Watt
"Rp 1,2 Miliar","Kalimantan Timur, Samarinda, Sungai Kunjang",260 m2,303 m2,SHM,-,4,2,N/A,1300 Watt
"Rp 2,2 Miliar","Kalimantan Timur, Samarinda, Samarinda Ulu",330 m2,240 m2,SHM,-,3,3,N/A,2200 Watt
"Rp 1,4 Miliar","Kalimantan Timur, Samarinda, Samarinda Ulu",90 m2,162 m2,SHM,-,3,2,N/A,1300 Watt
Rp 850 Juta,"Kalimantan Timur, Samarinda, Loa Janan Ilir",80 m2,126 m2,HGB,-,2,1,N/A,1300 Watt
"
Rp 1,15 Miliar
","Kalimantan Timur, Samarinda, Sungai Kunjang",160 m2,183 m2,SHM,-,2,1,N/A,2200 Watt
Rp 720 Juta Rp 35 Juta,"Kalimantan Timur, Samarinda, Loa Janan Ilir",70 m2,78 m2,HGB,-,3,2,N/A,1300 Watt
"Rp 1,35 Miliar","Kalimantan Timur, Samarinda, Samarinda Kunjang",250 m2,350 m2,SHM,Non-furnished,3+1,2,N/A,2200 Watt
"Rp 1,4 Miliar","Kalimantan Timur, Samarinda, Samarinda Utara",99 m2,300 m2,SHM,Semi-furnished,3,3,N/A,3500 Watt
"Rp 2,1 Miliar","Kalimantan Timur, Samarinda, Sungai Pinang",93 m2,140 m2,SHM,Non-furnished,2,2,N/A,2200 Watt
N/A,N/A,N/A,N/A,N/A,N/A,N/A,N/A,N/A,N/A
"Rp 3,6 Miliar","Kalimantan Timur, Samarinda, Sungai Pinang",197 m2,225 m2,SHM,Non-furnished,2,2,N/A,2200 Watt
N/A,N/A,N/A,N/A,N/A,N/A,N/A,N/A,N/A,N/A
Rp 800 Juta,"Kalimantan Timur, Samarinda, Samarinda Utara",60 m2,140 m2,SHM,Semi-furnished,2,1,N/A,1300 Watt
"Rp 2,2 Miliar","Kalimantan Timur, Samarinda, Sungai Pinang",135 m2,214 m2,SHM,-,3,2,N/A,5500 Watt
"Rp 1,7 Miliar","Kalimantan Timur, Samarinda, Sungai Pinang",122 m2,128 m2,SHM,-,3+1,2,N/A,2200 Watt
"Rp 1,2 Miliar","Kalimantan Timur, Samarinda, Sungai Pinang",80 m2,160 m2,SHM,-,3,2,N/A,1300 Watt
"Rp 2,3 Miliar Rp 85 Juta","Kalimantan Timur, Samarinda, Sungai Pinang",94 m2,144 m2,SHM,-,3+1,2+1,N/A,2200 Watt
Rp 850 Juta,"Kalimantan Timur, Samarinda, Samarinda Kota",72 m2,120 m2,SHM,Non-furnished,4,1,N/A,1300 Watt
Rp 850 Juta,"Kalimantan Timur, Samarinda, Sambutan",400 m2,255 m2,SHM,Semi-furnished,4,2,N/A,1300 Watt
"Rp 1,05 Miliar","Kalimantan Timur, Samarinda, Sungai Pinang",65 m2,105 m2,SHM,Fully-furnished,2,1,N/A,1300 Watt
"Rp 5,2 Miliar","Kalimantan Timur, Samarinda, Samarinda Kota",210 m2,177 m2,SHM,-,3,2,N/A,1300 Watt
Rp 850 Juta,"Kalimantan Timur, Samarinda, Sambutan",46 m2,184 m2,SHM,-,2,1,N/A,1300 Watt
"Rp 1,5 Miliar","Kalimantan Timur, Samarinda, Samarinda Kunjang",150 m2,200 m2,SHM,Non-furnished,4,2,N/A,2200 Watt
"Rp 5,5 Miliar","Kalimantan Timur, Samarinda, Samarinda Ulu",380 m2,444 m2,SHM,-,5+2,7,N/A,2200 Watt
Rp 60 Miliar,"Kalimantan Timur, Samarinda, Samarinda Kota",500 m2,2000 m2,SHM,-,8,3,N/A,16500 Watt
"Rp 4,3 Miliar","Kalimantan Timur, Samarinda, Sungai Pinang",240 m2,243 m2,SHM,-,4,4,N/A,2200 Watt
"Rp 1,2 Miliar Rp 40 Juta","Kalimantan Timur, Samarinda, Sungai Pinang",120 m2,105 m2,SHM,-,3,2,N/A,2200 Watt
"Rp 1,75 Miliar Rp 60 Juta","Kalimantan Timur, Samarinda, Sungai Pinang",90 m2,128 m2,SHM,Non-furnished,3,2,N/A,2200 Watt
"Rp 1,45 Miliar Rp 65 Juta","Kalimantan Timur, Samarinda, Samarinda Utara",170 m2,200 m2,SHM,-,5,3,N/A,4400 Watt
"Rp 2,3 Miliar Rp 85 Juta","Kalimantan Timur, Samarinda, Sungai Pinang",94 m2,144 m2,SHM,-,3+1,2+1,N/A,2200 Watt
"Rp 1,5 Miliar","Kalimantan Timur, Samarinda, Loa Janan Ilir",150 m2,356 m2,SHM,-,3,2,N/A,2200 Watt
"Rp 3,5 Miliar","Kalimantan Timur, Samarinda, Samarinda Utara",200 m2,243 m2,SHM,-,4,3,N/A,2200 Watt
"Rp 415,5 Juta","Kalimantan Timur, Samarinda, Sungai Pinang",45 m2,84 m2,SHM,-,2,1,N/A,1300 Watt
Rp 850 Juta,"Kalimantan Timur, Samarinda, Samarinda Seberang",90 m2,120 m2,SHM,-,2,1,N/A,1300 Watt
Rp 600 Juta,"Kalimantan Timur, Samarinda, Samarinda Utara",130 m2,164 m2,HGB,-,3,1,N/A,2200 Watt
"Rp 2,8 Miliar","Kalimantan Timur, Samarinda, Samarinda Ulu",230 m2,235 m2,SHM,-,4,3,N/A,3500 Watt
Rp 750 Juta,"Kalimantan Timur, Samarinda, Samarinda Ilir",54 m2,144 m2,SHM,Non-furnished,2,1,N/A,2200 Watt
Rp 875 Juta,"Kalimantan Timur, Samarinda, Sungai Kunjang",213 m2,170 m2,Lain-lain,-,4,2,N/A,2200 Watt
Rp 450 Juta,"Kalimantan Timur, Samarinda, Sungai Kunjang",85 m2,85 m2,SHM,-,2,1,N/A,900 Watt
Rp 465 Juta,"Kalimantan Timur, Samarinda, Sungai Kunjang",50 m2,52 m2,Lain-lain,-,2,1,N/A,900 Watt
Rp 650 Juta,"Kalimantan Timur, Samarinda, Samarinda Seberang",136 m2,213 m2,Lain-lain,-,3,2,N/A,2200 Watt
Rp 900 Juta,"Kalimantan Timur, Samarinda, Samarinda Seberang",38 m2,90 m2,SHM,-,2,1,N/A,2200 Watt
Rp 968 Juta,"Kalimantan Timur, Samarinda, Sungai Kunjang",54 m2,177 m2,SHM,-,2,1,N/A,1300 Watt
"Rp 1,99 Miliar","Kalimantan Timur, Samarinda, Samarinda Utara",96 m2,126 m2,HGB,Non-furnished,3,2,N/A,2200 Watt
Rp 700 Juta,"Kalimantan Timur, Samarinda, Sungai Kunjang",120 m2,200 m2,SHM,Non-furnished,2,1,N/A,2200 Watt
"Rp 2,5 Miliar Rp 75 Juta","Kalimantan Timur, Samarinda, Samarinda Ulu",250 m2,300 m2,SHM,-,3,3,N/A,10600 Watt
Rp 5 Miliar,"Kalimantan Timur, Samarinda, Sungai Pinang",391 m2,391 m2,SHM,-,3,4,N/A,5500 Watt
Rp 828 Juta,"Kalimantan Timur, Samarinda, Sungai Kunjang",54 m2,100 m2,SHM,-,2,1,N/A,1300 Watt
Rp 968 Juta,"Kalimantan Timur, Samarinda, Samarinda Ulu",54 m2,177 m2,SHM,-,2,1,N/A,1300 Watt
Rp 828 Juta,"Kalimantan Timur, Samarinda, Sungai Kunjang",54 m2,100 m2,SHM,-,2,1,N/A,1300 Watt
"Rp 4,3 Miliar","Kalimantan Timur, Samarinda, Samarinda Utara",240 m2,243 m2,SHM,-,4,4,N/A,2200 Watt
Rp 935 Juta,"Kalimantan Timur, Samarinda, Samarinda Ulu",200 m2,200 m2,SHM,-,3,1,N/A,1300 Watt
Rp 650 Juta,"Kalimantan Timur, Samarinda, Loa Janan Ilir",90 m2,120 m2,SHM,-,2,1,N/A,1300 Watt
Rp 500 Juta,"Kalimantan Timur, Samarinda, Sungai Kunjang",55 m2,75 m2,SHM,Non-furnished,2,1,N/A,1300 Watt
"Rp 3,5 Miliar","Kalimantan Timur, Samarinda, Samarinda Ulu",160 m2,600 m2,SHM,-,4,3,N/A,3500 Watt
"Rp 2,5 Miliar","Kalimantan Timur, Samarinda, Samarinda Utara",276 m2,182 m2,SHM,-,5,3,N/A,3500 Watt
Rp 750 Juta Rp 35 Juta,"Kalimantan Timur, Samarinda, Sungai Pinang",45 m2,120 m2,SHM,-,2,1,N/A,2200 Watt
"Rp 1,2 Miliar","Kalimantan Timur, Samarinda, Loa Janan Ilir",100 m2,180 m2,SHM,-,4,2,N/A,3500 Watt
Rp 685 Juta,"Kalimantan Timur, Samarinda, Samarinda Ulu",65 m2,65 m2,SHM,Non-furnished,3,1,N/A,1300 Watt
"Rp 2,5 Miliar","Kalimantan Timur, Samarinda, Samarinda Ulu",130 m2,240 m2,SHM,-,3,3,N/A,2200 Watt
Rp 800 Juta,"Kalimantan Timur, Samarinda, Samarinda Kota",90 m2,108 m2,SHM,Non-furnished,2,1,N/A,1300 Watt
"Rp 1,15 Miliar","Kalimantan Timur, Samarinda, Samarinda Ulu",200 m2,200 m2,SHM,-,3,2,N/A,2200 Watt
Rp 700 Juta,"Kalimantan Timur, Samarinda, Loa Janan Ilir",48 m2,120 m2,SHM,Non-furnished,2,1,N/A,1300 Watt
Rp 500 Juta,"Kalimantan Timur, Samarinda, Samarinda Seberang",100 m2,150 m2,SHM,-,3,1,N/A,1300 Watt
"Rp 1,6 Miliar","Kalimantan Timur, Samarinda, Samarinda Utara",90 m2,200 m2,SHM,-,3,2,N/A,2200 Watt
Rp 850 Juta,"Kalimantan Timur, Samarinda, Samarinda Kota",129 m2,150 m2,SHM,-,3,2,N/A,2200 Watt
"Rp 697,02 Juta","Kalimantan Timur, Samarinda, Loa Janan Ilir",45 m2,105 m2,HGB,-,2,1,N/A,1300 Watt
"Rp 1,12 Miliar","Kalimantan Timur, Samarinda, Samarinda Kota",45 m2,126 m2,HGB,Non-furnished,2,1,N/A,2200 Watt
"Rp 1,2 Miliar","Kalimantan Timur, Samarinda, Samarinda Kota",200 m2,220 m2,SHM,Non-furnished,3,2,N/A,1300 Watt
Rp 2 Miliar,"Kalimantan Timur, Samarinda, Samarinda Utara",250 m2,241 m2,SHM,Non-furnished,8,4,N/A,2200 Watt
"Rp 3,8 Miliar","Kalimantan Timur, Samarinda, Samarinda Kota",200 m2,250 m2,SHM,Non-furnished,3+1,2,N/A,2200 Watt
"Rp 1,6 Miliar","Kalimantan Timur, Samarinda, Samarinda Kota",130 m2,150 m2,SHM,Semi-furnished,3,2,N/A,5500 Watt
"Rp 1,8 Miliar","Kalimantan Timur, Samarinda, Loa Janan Ilir",106 m2,202 m2,SHM,-,4,4,N/A,2200 Watt
Rp 390 Juta,"Kalimantan Timur, Samarinda, Loa Janan Ilir",115 m2,102 m2,SHM,Semi-furnished,2,2,N/A,1300 Watt
"Rp 2,3 Miliar","Kalimantan Timur, Samarinda, Samarinda Kota",225 m2,459 m2,SHM,-,4,1,N/A,2200 Watt
Rp 880 Juta,"Kalimantan Timur, Samarinda, Samarinda Kota",90 m2,90 m2,SHM,Non-furnished,3,2,N/A,2200 Watt
"Rp 4,5 Miliar","Kalimantan Timur, Samarinda, Samarinda Kota",220 m2,225 m2,SHM,-,3,1,N/A,900 Watt
"Rp 1,5 Miliar","Kalimantan Timur, Samarinda, Sungai Pinang",500 m2,253 m2,SHM,Semi-furnished,5,3,N/A,2200 Watt
"Rp 1,3 Miliar","Kalimantan Timur, Samarinda, Samarinda Ulu",136 m2,136 m2,SHM,-,8,4,N/A,2200 Watt
"Rp 1,44 Miliar","Kalimantan Timur, Samarinda, Samarinda Kota",243 m2,552 m2,SHM,-,9,9,N/A,8000 Watt
"Rp 1,9 Miliar","Kalimantan Timur, Samarinda, Samarinda Kota",96 m2,126 m2,HGB,Non-furnished,3,2,N/A,2200 Watt
"Rp 1,7 Miliar","Kalimantan Timur, Samarinda, Samarinda Seberang",250 m2,285 m2,SHM,-,3,2,N/A,2200 Watt
"Rp 4,5 Miliar","Kalimantan Timur, Samarinda, Samarinda Seberang",329 m2,885 m2,SHM,Non-furnished,7,6,N/A,2200 Watt
"Rp 4,5 Miliar Rp 75 Juta","Kalimantan Timur, Samarinda, Sungai Kunjang",240 m2,270 m2,SHM,-,7,3,N/A,3500 Watt
"Rp 1,5 Miliar Rp 40 Juta","Kalimantan Timur, Samarinda, Samarinda Kunjang",150 m2,180 m2,SHM,-,3,2,N/A,1300 Watt
Rp 750 Juta,"Kalimantan Timur, Samarinda, Sungai Kunjang",200 m2,150 m2,SHM,Non-furnished,3,2,N/A,1300 Watt
"Rp 3,5 Miliar","Kalimantan Timur, Samarinda, Samarinda Kota",369 m2,208 m2,SHM,Non-furnished,6,4,N/A,2200 Watt
"Rp 2,8 Miliar","Kalimantan Timur, Samarinda, Sungai Pinang",225 m2,144 m2,SHM,Fully-furnished,5,4,N/A,2200 Watt
"Rp 2,6 Miliar","Kalimantan Timur, Samarinda, Samarinda Utara",200 m2,234 m2,SHM,Semi-furnished,3,3,N/A,2200 Watt
"Rp 1,3 Miliar","Kalimantan Timur, Samarinda, Samarinda Ulu",200 m2,200 m2,SHM,-,6,4,N/A,2200 Watt
Rp 3 Miliar,"Kalimantan Timur, Samarinda, Sungai Kunjang",320 m2,240 m2,HGB,-,5,4,N/A,3500 Watt
"Rp 3,7 Miliar","Kalimantan Timur, Samarinda, Samarinda Kota",400 m2,250 m2,SHM,-,4,3,N/A,5500 Watt
"Rp 1,1 Miliar","Kalimantan Timur, Samarinda, Sambutan",320 m2,265 m2,SHM,Non-furnished,3,3,N/A,2200 Watt
Rp 900 Juta,"Kalimantan Timur, Samarinda, Sambutan",100 m2,144 m2,SHM,Fully-furnished,3,2,N/A,2200 Watt
"Rp 704,35 Juta","Kalimantan Timur, Samarinda, Loa Janan Ilir",38 m2,108 m2,HGB,-,2,1,N/A,1300 Watt
"Rp 560,12 Juta","Kalimantan Timur, Samarinda, Loa Janan Ilir",39 m2,72 m2,HGB,-,2,1,N/A,1300 Watt
"Rp 733,48 Juta","Kalimantan Timur, Samarinda, Loa Janan Ilir",40 m2,108 m2,HGB,-,2,1,N/A,1300 Watt
"Rp 958,11 Juta","Kalimantan Timur, Samarinda, Loa Janan Ilir",57 m2,120 m2,HGB,-,3,1,N/A,1300 Watt
"Rp 837,19 Juta","Kalimantan Timur, Samarinda, Sungai Pinang",34 m2,96 m2,HGB,-,2,1,N/A,2200 Watt
"Rp 1,54 Miliar","Kalimantan Timur, Samarinda, Samarinda Ulu",45 m2,140 m2,HGB,-,2,1,N/A,2200 Watt
Rp 920 Juta,"Kalimantan Timur, Samarinda, Samarinda Ulu",38 m2,98 m2,HGB,-,2,1,N/A,2200 Watt
Rp 800 Juta,"Kalimantan Timur, Samarinda, Samarinda Utara",120 m2,277 m2,SHM,-,4,2,N/A,1300 Watt
Rp 800 Juta,"Kalimantan Timur, Samarinda, Samarinda Ulu",105 m2,120 m2,SHM,-,3,2,N/A,900 Watt
"Rp 704,35 Juta","Kalimantan Timur, Samarinda, Loa Janan Ilir",38 m2,108 m2,HGB,-,2,1,N/A,1300 Watt
"Rp 4,7 Miliar","Kalimantan Timur, Samarinda, Samarinda Seberang",329 m2,885 m2,SHM,Semi-furnished,7,6,N/A,1300 Watt
"Rp 3,85 Miliar","Kalimantan Timur, Samarinda, Sungai Pinang",270 m2,180 m2,SHM,Fully-furnished,4,4,N/A,4400 Watt
Rp 270 Juta,"Kalimantan Timur, Samarinda, Samarinda Utara",48 m2,150 m2,SHM,Non-furnished,2,1,N/A,1300 Watt
"Rp 1,8 Miliar","Kalimantan Timur, Samarinda, Samarinda Ulu",100 m2,150 m2,SHM,Fully-furnished,3,2,N/A,2200 Watt
Rp 280 Juta,"Kalimantan Timur, Samarinda, Samarinda Utara",48 m2,150 m2,SHM,-,2,1,N/A,900 Watt
Rp 950 Juta,"Kalimantan Timur, Samarinda, Samarinda Utara",120 m2,120 m2,SHM,Semi-furnished,4,2,N/A,2200 Watt
Rp 388 Juta,"Kalimantan Timur, Samarinda, Samarinda Seberang",145 m2,160 m2,SHM,-,3,2,N/A,1300 Watt
Rp 777 Juta,"Kalimantan Timur, Samarinda, Samarinda Utara",150 m2,150 m2,SHM,-,6,2,N/A,2200 Watt
"Rp 1,5 Miliar","Kalimantan Timur, Samarinda, Samarinda Utara",150 m2,120 m2,SHM,-,3,1,N/A,4400 Watt
Rp 950 Juta,"Kalimantan Timur, Samarinda, Samarinda Ulu",152 m2,152 m2,SHM,Non-furnished,2,1,N/A,1300 Watt
"Rp 2,71 Miliar","Kalimantan Timur, Samarinda, Sungai Pinang",180 m2,186 m2,HGB,Non-furnished,4,3,N/A,2200 Watt
"Rp 3,24 Miliar","Kalimantan Timur, Samarinda, Sungai Pinang",197 m2,225 m2,HGB,Non-furnished,4,3,N/A,2200 Watt
"Rp 2,08 Miliar","Kalimantan Timur, Samarinda, Sungai Pinang",93 m2,140 m2,HGB,Non-furnished,3,2,N/A,2200 Watt
N/A,N/A,N/A,N/A,N/A,N/A,N/A,N/A,N/A,N/A
"Rp 1,4 Miliar","Kalimantan Timur, Samarinda, Samarinda Ulu",75 m2,150 m2,SHM,-,3,2,N/A,2200 Watt
Rp 390 Juta,"Kalimantan Timur, Samarinda, Sungai Kunjang",45 m2,88 m2,SHM,Non-furnished,2,1,N/A,1300 Watt
Rp 450 Juta,"Kalimantan Timur, Samarinda, Sungai Kunjang",84 m2,97.5 m2,SHM,Non-furnished,2,1,N/A,2200 Watt
Rp 850 Juta,"Kalimantan Timur, Samarinda, Samarinda Kunjang",200 m2,200 m2,SHM,Non-furnished,5,2,N/A,900 Watt
Rp 800 Juta,"Kalimantan Timur, Samarinda, Sungai Pinang",60 m2,90 m2,SHM,-,3,2,N/A,2200 Watt
"Rp 1,55 Miliar Rp 55 Juta","Kalimantan Timur, Samarinda, Samarinda Ulu",170 m2,200 m2,SHM,-,3,2,N/A,2200 Watt
Rp 750 Juta,"Kalimantan Timur, Samarinda, Samarinda Utara",220 m2,227 m2,SHM,Non-furnished,4,2,N/A,1300 Watt
"Rp 560,12 Juta","Kalimantan Timur, Samarinda, Samarinda Seberang",39 m2,72 m2,HGB,-,2,1,N/A,2200 Watt
"Rp 12,5 Miliar","Kalimantan Timur, Samarinda, Samarinda Ulu",560 m2,746 m2,SHM,-,12,8,N/A,8000 Watt
"Rp 3,1 Miliar","Kalimantan Timur, Samarinda, Samarinda Seberang",225 m2,276 m2,SHM,Fully-furnished,4,5,N/A,5500 Watt
"Rp 3,5 Miliar","Kalimantan Timur, Samarinda, Samarinda Kota",400 m2,367 m2,SHM,-,6,6,N/A,3500 Watt
"Rp 1,5 Miliar","Kalimantan Timur, Samarinda, Samarinda Kota",100 m2,174 m2,SHM,Non-furnished,3,2,N/A,2200 Watt
Rp 5 Miliar,"Kalimantan Timur, Samarinda, Samarinda Ulu",270 m2,225 m2,SHM,Fully-furnished,5,3,N/A,5500 Watt
"Rp 1,4 Miliar","Kalimantan Timur, Samarinda, Samarinda Ulu",187.5 m2,150 m2,SHM,-,2,1,N/A,5500 Watt
Rp 620 Juta,"Kalimantan Timur, Samarinda, Sambutan",110 m2,110 m2,SHM,Non-furnished,2,1,N/A,900 Watt
"Rp 2,5 Miliar","Kalimantan Timur, Samarinda, Samarinda Utara",200 m2,250 m2,HGB,Semi-furnished,4,3,N/A,3500 Watt
"Rp 1,6 Miliar Rp 45 Juta","Kalimantan Timur, Samarinda, Sungai Pinang",59 m2,105 m2,HGB,Semi-furnished,3,1,N/A,2200 Watt
Rp 395 Juta,"Kalimantan Timur, Samarinda, Sungai Kunjang",45 m2,88 m2,SHM,Non-furnished,2,1,N/A,1300 Watt
Rp 2 Miliar,"Kalimantan Timur, Samarinda, Samarinda Utara",200 m2,162 m2,SHM,Semi-furnished,4,3,N/A,2200 Watt
Rp 900 Juta,"Kalimantan Timur, Samarinda, Samarinda Ulu",150 m2,241 m2,SHM,Non-furnished,3,3,N/A,2200 Watt
Rp 600 Juta,"Kalimantan Timur, Samarinda, Sambutan",80 m2,104 m2,SHM,-,2,1,N/A,1300 Watt
Rp 850 Juta,"Kalimantan Timur, Samarinda, Samarinda Ulu",170 m2,170 m2,SHM,-,5,3,N/A,2200 Watt
"Rp 5,3 Miliar","Kalimantan Timur, Samarinda, Sungai Pinang",216 m2,480 m2,SHM,-,3+2,4+1,N/A,2200 Watt
"Rp 2,98 Miliar","Kalimantan Timur, Samarinda, Sungai Pinang",186 m2,180 m2,SHM,Non-furnished,3,2,N/A,2200 Watt
"Rp 2,2 Miliar","Kalimantan Timur, Samarinda, Samarinda Ulu",172 m2,150 m2,SHM,Non-furnished,5,3,N/A,5500 Watt
"Rp 1,62 Miliar","Kalimantan Timur, Samarinda, Sungai Pinang",84 m2,105 m2,SHM,Non-furnished,3,2,N/A,2200 Watt
"Rp 1,45 Miliar","Kalimantan Timur, Samarinda, Samarinda Utara",140 m2,125 m2,SHM,-,5,2,N/A,2200 Watt
"Rp 1,15 Miliar","Kalimantan Timur, Samarinda, Samarinda Ilir",70 m2,105 m2,SHM,-,3,2,N/A,2200 Watt
"Rp 1,85 Miliar","Kalimantan Timur, Samarinda, Samarinda Ilir",80 m2,193 m2,SHM,Non-furnished,1,1,N/A,1300 Watt
"Rp 3,5 Miliar Rp 100 Juta","Kalimantan Timur, Samarinda, Samarinda Utara",205.5 m2,326 m2,SHM,-,4+1,3+1,N/A,5500 Watt
"Rp 2,5 Miliar","Kalimantan Timur, Samarinda, Samarinda Utara",200 m2,250 m2,SHM,Semi-furnished,4,3,N/A,3500 Watt
"Rp 2,1 Miliar","Kalimantan Timur, Samarinda, Samarinda Kunjang",200 m2,205 m2,SHM,Non-furnished,6,4,N/A,4400 Watt
Rp 800 Juta,"Kalimantan Timur, Samarinda, Loa Janan Ilir",91 m2,181 m2,SHM,Non-furnished,3,2,N/A,2200 Watt
"Rp 2,1 Miliar Rp 45 Juta","Kalimantan Timur, Samarinda, Sungai Pinang",89 m2,227 m2,SHM,-,3,2,N/A,1300 Watt
"Rp 3,3 Miliar","Kalimantan Timur, Samarinda, Sungai Pinang",190 m2,287 m2,SHM,-,3+1,3,N/A,2200 Watt
"Rp 3,3 Miliar","Kalimantan Timur, Samarinda, Sungai Pinang",190 m2,297 m2,SHM,-,3+1,3,N/A,2200 Watt
Rp 500 Juta,"Kalimantan Timur, Samarinda, Samarinda Seberang",36 m2,72 m2,SHM,-,1,1,N/A,1300 Watt
"Rp 1,8 Miliar","Kalimantan Timur, Samarinda, Samarinda Utara",250 m2,275 m2,SHM,-,4,2,N/A,2200 Watt
Rp 60 Miliar,"Kalimantan Timur, Samarinda, Samarinda Ulu",2500 m2,8900 m2,SHM,Semi-furnished,8,5,N/A,5500 Watt
"Rp 2,08 Miliar","Kalimantan Timur, Samarinda, Sungai Pinang",93 m2,140 m2,SHM,-,20,3,N/A,2200 Watt
"Rp 2,1 Miliar","Kalimantan Timur, Samarinda, Sungai Pinang",93 m2,140 m2,SHM,Non-furnished,3,2,N/A,2200 Watt
"Rp 1,6 Miliar","Kalimantan Timur, Samarinda, Sungai Pinang",420 m2,420 m2,SHM,Non-furnished,10,4,N/A,2200 Watt
"Rp 2,08 Miliar","Kalimantan Timur, Samarinda, Sungai Pinang",93 m2,140 m2,HGB,Non-furnished,3,2,N/A,2200 Watt
Rp 870 Juta,"Kalimantan Timur, Samarinda, Sungai Kunjang",170 m2,200 m2,SHM,-,4,2,N/A,2200 Watt
"Rp 1,2 Miliar","Kalimantan Timur, Samarinda, Sungai Kunjang",200 m2,200 m2,SHM,-,3,1,N/A,1300 Watt
Rp 850 Juta,"Kalimantan Timur, Samarinda, Samarinda Kota",74 m2,120 m2,SHM,Non-furnished,4,1,N/A,1300 Watt
Rp 700 Juta,"Kalimantan Timur, Samarinda, Samarinda Kunjang",90 m2,102 m2,SHM,Fully-furnished,3,2,N/A,1300 Watt
Rp 1 Miliar,"Kalimantan Timur, Samarinda, Sungai Pinang",135 m2,161 m2,SHM,-,3+1,2,N/A,2200 Watt
"Rp 1,9 Miliar","Kalimantan Timur, Samarinda, Samarinda Ulu",128 m2,198 m2,SHM,-,3,2,N/A,2200 Watt
Rp 788 Juta,"Kalimantan Timur, Samarinda, Samarinda Ulu",54 m2,100 m2,SHM,-,2,1,N/A,1300 Watt
"Rp 3,9 Miliar","Kalimantan Timur, Samarinda, Sungai Kunjang",156 m2,280 m2,SHM,-,4,2,N/A,3500 Watt
"Rp 2,08 Miliar","Kalimantan Timur, Samarinda, Sungai Pinang",93 m2,140 m2,SHM,-,3,2,N/A,2200 Watt
"Rp 2,08 Miliar","Kalimantan Timur, Samarinda, Sungai Pinang",197 m2,225 m2,SHM,-,3,3,N/A,2200 Watt
Rp 650 Juta,"Kalimantan Timur, Samarinda, Samarinda Kunjang",67 m2,110 m2,SHM,-,3,2,N/A,1300 Watt
"Rp 1,6 Miliar","Kalimantan Timur, Samarinda, Samarinda Kota",185 m2,150 m2,SHM,-,5,3,N/A,3500 Watt
Rp 755 Juta,"Kalimantan Timur, Samarinda, Samarinda Utara",45 m2,120 m2,SHM,-,2,1,N/A,1300 Watt
Rp 500 Juta,"Kalimantan Timur, Samarinda, Sungai Kunjang",120 m2,137.5 m2,SHM,Non-furnished,3,3,N/A,1300 Watt
Rp 350 Juta,"Kalimantan Timur, Samarinda, Loa Janan Ilir",36 m2,278 m2,SHM,-,2,1,N/A,900 Watt
Rp 675 Juta,"Kalimantan Timur, Samarinda, Sungai Pinang",80 m2,109 m2,SHM,-,3,2,N/A,1300 Watt
"Rp 1,65 Miliar","Kalimantan Timur, Samarinda, Sungai Pinang",76 m2,128 m2,SHM,Non-furnished,1,2,N/A,2200 Watt
Rp 450 Juta,"Kalimantan Timur, Samarinda, Samarinda Seberang",100 m2,150 m2,Lain-lain,-,150,1,N/A,1300 Watt
Rp 6 Miliar,"Kalimantan Timur, Samarinda, Samarinda Ulu",269 m2,246 m2,SHM,Semi-furnished,4,4,N/A,4400 Watt
Rp 600 Juta,"Kalimantan Timur, Samarinda, Samarinda Utara",99 m2,120 m2,SHM,Semi-furnished,3,3,N/A,3500 Watt
"Rp 1,2 Miliar","Kalimantan Timur, Samarinda, Samarinda Ulu",81 m2,72 m2,HGB,Non-furnished,3,2,N/A,2200 Watt
"Rp 1,2 Miliar","Kalimantan Timur, Samarinda, Samarinda Utara",81.63 m2,72 m2,SHM,-,3,2,N/A,2200 Watt
Rp 27 Miliar,"Kalimantan Timur, Samarinda, Samarinda Kota",800 m2,1750 m2,SHM,Non-furnished,30,30,N/A,16500 Watt
Rp 5 Miliar,"Kalimantan Timur, Samarinda, Samarinda Kota",220 m2,288 m2,SHM,-,3,2,N/A,2200 Watt
"Rp 2,2 Miliar","Kalimantan Timur, Samarinda, Samarinda Kunjang",120 m2,447 m2,SHM,Semi-furnished,3,2,N/A,2200 Watt
Rp 3 Miliar,"Kalimantan Timur, Samarinda, Samarinda Utara",282 m2,382 m2,SHM,-,5,5,N/A,1300 Watt
Rp 5 Miliar,"Kalimantan Timur, Samarinda, Sungai Pinang",565 m2,400 m2,SHM,-,5+1,8,N/A,3500 Watt
"Rp 4,5 Miliar","Kalimantan Timur, Samarinda, Sungai Pinang",480 m2,500 m2,SHM,-,5,5,N/A,4400 Watt
Rp 400 Juta,"Kalimantan Timur, Samarinda, Samarinda Seberang",150 m2,200 m2,SHM,-,5,1,N/A,1300 Watt
"Rp 2,3 Miliar","Kalimantan Timur, Samarinda, Samarinda Ulu",185 m2,268 m2,SHM,-,3,2,N/A,1300 Watt
"Rp 1,4 Miliar","Kalimantan Timur, Samarinda, Samarinda Utara",77 m2,252 m2,SHM,-,3,2,N/A,900 Watt
"Rp 1,25 Miliar","Kalimantan Timur, Samarinda, Samarinda Utara",70 m2,90 m2,SHM,-,3,2,N/A,2200 Watt
"Rp 2,08 Miliar","Kalimantan Timur, Samarinda, Samarinda Kota",93 m2,140 m2,HGB,Non-furnished,3,2,N/A,2200 Watt
"Rp 3,56 Miliar","Kalimantan Timur, Samarinda, Samarinda Kota",197 m2,225 m2,HGB,Non-furnished,3,2,N/A,2200 Watt
"Rp 2,98 Miliar","Kalimantan Timur, Samarinda, Samarinda Kota",186 m2,180 m2,HGB,Non-furnished,3,2,N/A,2200 Watt
Rp 4 Miliar Rp 65 Juta,"Kalimantan Timur, Samarinda, Samarinda Kunjang",170 m2,172 m2,SHM,-,4,4,N/A,2200 Watt
Rp 650 Juta,"Kalimantan Timur, Samarinda, Samarinda Kunjang",60 m2,120 m2,SHM,-,3,2,N/A,1300 Watt
"Rp 1,3 Miliar","Kalimantan Timur, Samarinda, Sungai Kunjang",128 m2,415 m2,SHM,-,3,28,N/A,1300 Watt
"Rp 3,3 Miliar","Kalimantan Timur, Samarinda, Samarinda Ulu",80 m2,102 m2,SHM,-,2,2,N/A,2200 Watt
"Rp 2,08 Miliar","Kalimantan Timur, Samarinda, Samarinda Utara",93 m2,140 m2,HGB,Non-furnished,3 Kt,2,N/A,2200 Watt
Rp 15 Miliar,"Kalimantan Timur, Samarinda, Samarinda Kota",700 m2,1100 m2,SHM,-,2,4,N/A,5500 Watt
Rp 14 Miliar,"Kalimantan Timur, Samarinda, Samarinda Ulu",755 m2,750 m2,SHM,-,15,6,N/A,2200 Watt
"Rp 1,6 Miliar","Kalimantan Timur, Samarinda, Sungai Kunjang",300 m2,150 m2,SHM,Non-furnished,5,3,N/A,3500 Watt
Rp 400 Juta,"Kalimantan Timur, Samarinda, Samarinda Utara",80 m2,100 m2,SHM,Fully-furnished,2,2,N/A,900 Watt
Rp 920 Juta,"Kalimantan Timur, Samarinda, Samarinda Ulu",38 m2,98 m2,HGB,-,2,1,N/A,2200 Watt
Rp 5 Miliar,"Kalimantan Timur, Samarinda, Samarinda Kota",240 m2,288 m2,SHM,-,3,2,N/A,2200 Watt
"Rp 4,2 Miliar","Kalimantan Timur, Samarinda, Sungai Pinang",350 m2,180 m2,SHM,-,3,3,N/A,5500 Watt
Rp 1 Miliar,"Kalimantan Timur, Samarinda, Loa Janan Ilir",72 m2,72 m2,SHM,Non-furnished,4,3,N/A,2200 Watt
Rp 600 Juta,"Kalimantan Timur, Samarinda, Samarinda Kota",45 m2,120 m2,SHM,-,2,1,N/A,1300 Watt
Rp 810 Juta,"Kalimantan Timur, Samarinda, Samarinda Kota",125 m2,150 m2,SHM,-,3,1,N/A,1300 Watt
"Rp 6,5 Miliar Rp 140 Juta","Kalimantan Timur, Samarinda, Samarinda Kota",300 m2,212 m2,SHM,-,1,2,N/A,3500 Watt
Rp 700 Juta,"Kalimantan Timur, Samarinda, Samarinda Utara",99 m2,99 m2,SHM,Non-furnished,2,1,N/A,2200 Watt
Rp 768 Juta,"Kalimantan Timur, Samarinda, Sungai Kunjang",54 m2,100 m2,SHM,-,2,1,N/A,1300 Watt
Rp 828 Juta,"Kalimantan Timur, Samarinda, Samarinda Kunjang",54 m2,100 m2,HGB,-,2,1,N/A,1300 Watt
Rp 968 Juta,"Kalimantan Timur, Samarinda, Samarinda Kunjang",54 m2,177 m2,SHM,-,2,1,N/A,1300 Watt
"Rp 621,04 Juta","Kalimantan Timur, Samarinda, Loa Janan Ilir",45 m2,105 m2,PPJB,-,2,1,N/A,1300 Watt
"Rp 853,67 Juta","Kalimantan Timur, Samarinda, Loa Janan Ilir",57 m2,120 m2,PPJB,-,3,1,N/A,1300 Watt
"Rp 3,24 Miliar","Kalimantan Timur, Samarinda, Sungai Pinang",197 m2,225 m2,HGB,-,3+1,3,N/A,2200 Watt
Rp 816 Juta,"Kalimantan Timur, Samarinda, Loa Janan Ilir",48 m2,105 m2,HGB,Non-furnished,2,1,N/A,1300 Watt
"Rp 1,51 Miliar","Kalimantan Timur, Samarinda, Loa Janan Ilir",96 m2,201 m2,HGB,Non-furnished,3,2,N/A,1300 Watt
"Rp 2,26 Miliar","Kalimantan Timur, Samarinda, Loa Janan Ilir",157 m2,280 m2,HGB,Non-furnished,3,3,N/A,1300 Watt
"Rp 1,57 Miliar","Kalimantan Timur, Samarinda, Loa Janan Ilir",110 m2,215 m2,HGB,Non-furnished,3,2,N/A,1300 Watt
Rp 548 Juta,"Kalimantan Timur, Samarinda, Loa Janan Ilir",27 m2,84 m2,HGB,Non-furnished,2,1,N/A,1300 Watt
Rp 970 Juta,"Kalimantan Timur, Samarinda, Samarinda Utara",90 m2,98 m2,SHM,Semi-furnished,3,2,N/A,2200 Watt
Rp 1 Miliar,"Kalimantan Timur, Samarinda, Samarinda Ulu",180 m2,200 m2,SHM,-,3,2,N/A,1300 Watt
Rp 650 Juta Rp 35 Juta,"Kalimantan Timur, Samarinda, Palaran",72 m2,200 m2,SHM,Non-furnished,2,2,N/A,1300 Watt
"Rp 3,6 Miliar","Kalimantan Timur, Samarinda, Samarinda Kota",250 m2,320 m2,SHM,Semi-furnished,4,5,N/A,4400 Watt
"Rp 3,56 Miliar","Kalimantan Timur, Samarinda, Sungai Pinang",197 m2,225 m2,SHM,-,3,3,N/A,2200 Watt
"Rp 1,3 Miliar","Kalimantan Timur, Samarinda, Samarinda Utara",200 m2,298 m2,SHM,-,5,3,N/A,2200 Watt
"Rp 1,5 Miliar","Kalimantan Timur, Samarinda, Samarinda Utara",45 m2,180 m2,SHM,Non-furnished,5,3,N/A,1300 Watt
Rp 60 Miliar,"Kalimantan Timur, Samarinda, Samarinda Kota",3000 m2,10000 m2,SHM,Non-furnished,8,6,N/A,13300 Watt
"Rp 1,7 Miliar","Kalimantan Timur, Samarinda, Samarinda Utara",330 m2,165 m2,SHM,-,5,2,N/A,900 Watt
"Rp 1,5 Miliar","Kalimantan Timur, Samarinda, Sungai Kunjang",200 m2,400 m2,SHM,-,4,2,N/A,1300 Watt
Rp 700 Juta,"Kalimantan Timur, Samarinda, Samarinda Ulu",140 m2,170 m2,SHM,-,4,2,N/A,1300 Watt
"Rp 2,9 Miliar","Kalimantan Timur, Samarinda, Samarinda Ilir",235 m2,470 m2,SHM,Non-furnished,5,3,N/A,3500 Watt
Rp 800 Juta,"Kalimantan Timur, Samarinda, Samarinda Seberang",92 m2,105 m2,SHM,Non-furnished,2,1,N/A,1300 Watt
Rp 475 Juta,"Kalimantan Timur, Samarinda, Samarinda Utara",45 m2,120 m2,SHM,Semi-furnished,2,1,N/A,1300 Watt
Rp 800 Juta,"Kalimantan Timur, Samarinda, Samarinda Kota",60 m2,176 m2,SHM,Non-furnished,2,2,N/A,1300 Watt
"Rp 1,5 Miliar","Kalimantan Timur, Samarinda, Samarinda Ulu",250 m2,297 m2,SHM,-,4,2,N/A,1300 Watt
"Rp 1,5 Miliar","Kalimantan Timur, Samarinda, Sungai Pinang",124 m2,162 m2,SHM,-,4,3,N/A,2200 Watt
"Rp 1,62 Miliar","Kalimantan Timur, Samarinda, Samarinda Utara",84 m2,105 m2,SHM,-,3,2,N/A,2200 Watt
Rp 800 Juta,"Kalimantan Timur, Samarinda, Sambutan",63 m2,200 m2,Lain-lain,-,3,1,N/A,1300 Watt
"Rp 3,55 Miliar","Kalimantan Timur, Samarinda, Samarinda Ulu",200 m2,453 m2,SHM,-,2,2,N/A,2200 Watt
"Rp 4,9 Miliar","Kalimantan Timur, Samarinda, Samarinda Utara",450 m2,300 m2,SHM,-,4,3,N/A,4400 Watt
Rp 3 Miliar,"Kalimantan Timur, Samarinda, Samarinda Utara",369 m2,208 m2,SHM,-,11,9,N/A,1300 Watt
"Rp 1,6 Miliar","Kalimantan Timur, Samarinda, Samarinda Kota",380 m2,400 m2,SHM,Semi-furnished,7,3,N/A,3500 Watt
"Rp 1,8 Miliar","Kalimantan Timur, Samarinda, Samarinda Utara",250 m2,241 m2,SHM,-,8,3,N/A,2200 Watt
Rp 5 Miliar,"Kalimantan Timur, Samarinda, Samarinda Kota",360 m2,314 m2,HGB,Non-furnished,5,5,N/A,4400 Watt
Rp 800 Juta,"Kalimantan Timur, Samarinda, Samarinda Ulu",100 m2,185 m2,SHM,-,2,1,N/A,1300 Watt
Rp 650 Juta,"Kalimantan Timur, Samarinda, Samarinda Utara",120 m2,200 m2,Lain-lain,Non-furnished,2,1,N/A,1300 Watt
"Rp 1,6 Miliar","Kalimantan Timur, Samarinda, Samarinda Kota",140 m2,96 m2,SHM,-,3,3,N/A,1300 Watt
Rp 3 Miliar,"Kalimantan Timur, Samarinda, Samarinda Kota",180 m2,330 m2,SHM,-,5,2,N/A,2200 Watt
"Rp 1,66 Miliar","Kalimantan Timur, Samarinda, Samarinda Ulu",230 m2,300 m2,SHM,-,4,4,N/A,1300 Watt
Rp 5 Miliar,"Kalimantan Timur, Samarinda, Samarinda Ulu",-,175 m2,SHM,-, - , - ,N/A,5500 Watt
Rp 1 Miliar,"Kalimantan Timur, Samarinda, Sungai Pinang",230 m2,150 m2,SHM,-,4,3,N/A,3500 Watt
"Rp 3,4 Miliar","Kalimantan Timur, Samarinda, Samarinda Utara",450 m2,390 m2,SHM,-,5+1,4,N/A,4400 Watt
"Rp 1,7 Miliar","Kalimantan Timur, Samarinda, Sungai Pinang",140 m2,128 m2,SHM,-,3,1,N/A,2200 Watt
"Rp 4,9 Miliar","Kalimantan Timur, Samarinda, Samarinda Utara",400 m2,300 m2,SHM,Semi-furnished,5,3,N/A,3500 Watt
"Rp 5,6 Miliar","Kalimantan Timur, Samarinda, Samarinda Utara",200 m2,170 m2,SHM,-,3,2,N/A,1300 Watt
Rp 5 Miliar,"Kalimantan Timur, Samarinda, Samarinda Ulu",181 m2,300 m2,SHM,Semi-furnished,5,4,N/A,3500 Watt
Rp 825 Juta,"Kalimantan Timur, Samarinda, Samarinda Utara",200 m2,150 m2,SHM,-,5,3,N/A,2200 Watt
"Rp 1,3 Miliar Rp 55 Juta","Kalimantan Timur, Samarinda, Sungai Pinang",85 m2,200 m2,SHM,-,3,2,N/A,2200 Watt
Rp 850 Juta,"Kalimantan Timur, Samarinda, Samarinda Utara",70 m2,144 m2,SHM,Non-furnished,2,1,N/A,1300 Watt
"Rp 3,56 Miliar","Kalimantan Timur, Samarinda, Samarinda Kota",197 m2,225 m2,HGB,-,3,2,N/A,2200 Watt
"Rp 8,08 Miliar","Kalimantan Timur, Samarinda, Sungai Pinang",275 m2,515 m2,SHM,-,4+2,3+1,N/A,4400 Watt
"Rp 499,06 Juta","Kalimantan Timur, Samarinda, Loa Janan Ilir",39 m2,72 m2,PPJB,-,2,1,N/A,1300 Watt
"Rp 5,2 Miliar","Kalimantan Timur, Samarinda, Samarinda Kota",300 m2,463 m2,SHM,-,4,4,N/A,5500 Watt
"Rp 1,4 Miliar","Kalimantan Timur, Samarinda, Sungai Pinang",100 m2,200 m2,SHM,-,4,2,N/A,2200 Watt
Rp 1 Miliar,"Kalimantan Timur, Samarinda, Sambutan",161 m2,150 m2,SHM,-,4,2,N/A,2200 Watt
"Rp 1,8 Miliar","Kalimantan Timur, Samarinda, Sungai Pinang",84 m2,105 m2,HGB,Non-furnished,3,2,N/A,2200 Watt
"Rp 1,25 Miliar","Kalimantan Timur, Samarinda, Samarinda Ilir",200 m2,251 m2,SHM,-,13,5,N/A,2200 Watt
"Rp 1,6 Miliar","Kalimantan Timur, Samarinda, Samarinda Ulu",200 m2,300 m2,SHM,-,5,4,N/A,2200 Watt
Rp 3 Miliar,"Kalimantan Timur, Samarinda, Samarinda Ulu",155 m2,330 m2,SHM,-,4,4,N/A,3500 Watt
Rp 450 Juta,"Kalimantan Timur, Samarinda, Sungai Kunjang",96 m2,200 m2,Lain-lain,-,2,1,N/A,900 Watt
