harga,lokasi,luas_bangunan,luas_tanah,sertifikat,furnish,kamar_tidur,kamar_mandi,listrik,lantai
1650000,Balikpapan Selatan,180.0,141,SHM,Unfurnished,4,3,2200,2
2100000,Balikpapan Selatan,50.0,776,SHM,Unfurnished,3,1,900,1
1950000,Balikpapan Utara,139.7,206,SHM,Unfurnished,5,2,2200,1
1180000,Balikpapan Utara,47.0,78,SHM,Semi-furnished,2,2,1300,1
2500000,Balikpapan Baru,160.0,169,HGB,Unfurnished,4,3,4400,1
1350000,Balikpapan Selatan,160.0,120,SHM,Unfurnished,8,4,1300,2
950000,Balikpapan Utara,130.0,92,SHM,Unfurnished,2,2,2200,2
900000,Balikpapan Selatan,68.0,120,SHM,Semi-furnished,3,1,2200,1
1350000,Damai,96.0,199,SHM,Unfurnished,3,1,1300,1
1000000,Karang Rejo,238.0,210,SHM,Semi-furnished,3,3,2200,2
500000,Sepinggan,45.0,90,SHM,Semi-furnished,2,1,1300,1
700000,Balikpapan Selatan,120.0,120,SHM,Unfurnished,3,1,3500,1
850000,Balikpapan Utara,80.0,120,SHM,Semi-furnished,1,1,4400,1
5520000,Balikpapan Selatan,311.0,248,SHM,Unfurnished,5,5,3500,2
4650000,Gunung Bahagia,250.0,200,SHM,Furnished,5,5,4400,2
1370000,Balikpapan Selatan,105.0,153,HGB,Unfurnished,3,3,1300,1
5000000,Balikpapan Tengah,400.0,505,SHM,Unfurnished,4,4,4400,1
1900000,Balikpapan Tengah,220.0,165,SHM,Unfurnished,5,2,2200,2
2300000,Balikpapan Tengah,160.0,169,SHM,Unfurnished,4,3,4400,1
4500000,Balikpapan Tengah,200.0,674,SHM,Unfurnished,5,5,4400,1
12000000,Balikpapan Tengah,250.0,576,SHM,Furnished,5,4,13200,1
1700000,Balikpapan Tengah,300.0,235,SHM,Furnished,5,3,2200,2
1450000,Balikpapan Selatan,56.0,141,SHM,Unfurnished,3,2,1300,1
950000,Balikpapan Selatan,96.0,100,SHM,Furnished,1,2,900,1
975000,Balikpapan Utara,70.0,120,SHM,Semi-furnished,3,1,2200,1
945000,Balikpapan Selatan,119.0,170,SHM,Furnished,3,2,2200,1
750000,Balikpapan Utara,95.0,111,SHM,Unfurnished,2,1,1300,1
2000000,Balikpapan Selatan,144.0,122,SHM,Unfurnished,3,4,4400,2
830000,Balikpapan Tengah,90.0,120,SHM,Unfurnished,2,1,1300,1
2000000,Balikpapan Selatan,104.0,150,SHM,Unfurnished,3,2,3500,1
2850000,Balikpapan Selatan,250.0,600,SHM,Unfurnished,2,3,5500,1
5650000,Balikpapan Utara,380.0,600,SHM,Unfurnished,3,4,10000,1
2150000,Balikpapan Selatan,350.0,180,SHM,Unfurnished,4,4,2200,2
450000,Balikpapan Selatan,60.0,60,SHM,Unfurnished,2,1,1300,1
1700000,Balikpapan Tengah,80.0,180,SHM,Unfurnished,2,2,3500,1
765000,Balikpapan Selatan,116.0,144,SHM,Semi-furnished,2,2,1300,1
3300000,Balikpapan Selatan,300.0,315,SHM,Unfurnished,4,4,5500,1
900000,Balikpapan Utara,60.0,160,SHM,Unfurnished,2,1,1300,1
2800000,Balikpapan Selatan,130.0,240,SHM,Unfurnished,3,3,2200,1
2650000,Balikpapan Utara,500.0,311,SHM,Unfurnished,6,5,2200,2
430000,Balikpapan Utara,36.0,120,SHM,Unfurnished,2,1,1300,1
5000000,Balikpapan Baru,367.0,450,SHM,Unfurnished,5,4,13200,1
1610000,Balikpapan Selatan,115.0,152,SHM,Unfurnished,4,3,2200,1
1300000,Balikpapan Utara,110.0,150,HGB,Unfurnished,3,2,4400,1
1280000,Balikpapan Utara,130.0,120,SHM,Unfurnished,4,2,1300,2
1555000,Balikpapan Selatan,150.0,200,SHM,Semi-furnished,5,3,2200,1
2500000,Balikpapan Baru,70.0,300,SHM,Semi-furnished,2,2,1300,1
4030000,Balikpapan Selatan,300.0,198,SHM,Furnished,4,3,5500,2
1800000,Balikpapan Utara,100.0,208,SHM,Furnished,3,3,5500,1
1560000,Balikpapan Selatan,105.0,153,SHM,Unfurnished,4,4,2200,1
1000000,Balikpapan Selatan,54.0,180,HGB,Unfurnished,2,2,1300,1
550000,Balikpapan Selatan,112.0,112,SHM,Unfurnished,3,2,1300,1
2510000,Balikpapan Utara,123.0,135,HGB,Unfurnished,4,3,3500,1
4080000,Balikpapan Selatan,160.0,400,SHM,Unfurnished,3,2,2200,1
1540000,Balikpapan Utara,200.0,211,SHM,Unfurnished,4,2,2200,1
3550000,Balikpapan Selatan,290.0,300,SHM,Unfurnished,6,4,2200,1
2500000,Balikpapan Selatan,172.0,510,SHM,Unfurnished,4,3,4400,1
6700000,Balikpapan Selatan,300.0,417,SHM,Unfurnished,4,4,5500,1
2200000,Balikpapan Selatan,300.0,250,SHM,Unfurnished,3,3,4400,2
2300000,Balikpapan Timur,142.0,162,HGB,Unfurnished,4,3,2200,1
1155000,Balikpapan Selatan,120.0,150,SHM,Semi-furnished,3,2,1300,1
850000,Balikpapan Selatan,64.0,124,HGB,Unfurnished,2,1,1300,1
700000,Balikpapan Timur,48.0,107,SHM,Unfurnished,2,1,1300,1
1800000,Balikpapan Selatan,143.0,135,HGB,Unfurnished,3,2,2200,2
675000,Balikpapan Selatan,80.0,150,SHM,Unfurnished,3,1,1300,1
425000,Sepinggan,50.0,74,SHM,Unfurnished,2,1,1300,1
1200000,Balikpapan Utara,47.0,78,HGB,Unfurnished,2,2,1300,1
2250000,Sepinggan,200.0,403,SHM,Unfurnished,3,2,2200,1
1300000,Balikpapan Selatan,82.0,128,SHM,Unfurnished,2,2,2200,1
1100000,Balikpapan Selatan,120.0,120,SHM,Unfurnished,2,2,2200,1
1050000,Balikpapan Utara,165.0,170,SHM,Unfurnished,4,2,2200,1
780000,Balikpapan Selatan,105.0,120,SHM,Unfurnished,3,1,3500,1
2900000,Balikpapan Utara,400.0,1000,SHM,Unfurnished,7,3,2200,1
1300000,Balikpapan Selatan,216.0,216,SHM,Unfurnished,4,2,1300,1
870000,Balikpapan Selatan,70.0,132,SHM,Semi-furnished,3,2,2200,1
1100000,Balikpapan Selatan,100.0,134,SHM,Unfurnished,3,2,3500,1
695000,Balikpapan Selatan,45.0,80,SHM,Unfurnished,2,1,1300,1
2700000,Balikpapan Selatan,160.0,199,SHM,Furnished,4,4,3500,1
695000,Balikpapan Selatan,50.0,84,SHM,Semi-furnished,2,1,1300,1
1400000,Balikpapan Selatan,145.0,120,SHM,Unfurnished,4,2,3500,2
1280000,Balikpapan Utara,100.0,200,HGB,Unfurnished,3,2,3500,1
2150000,Balikpapan Selatan,208.0,144,SHM,Unfurnished,5,2,2200,2
2550000,Balikpapan Utara,160.0,169,HGB,Unfurnished,4,3,4400,1
1220000,Balikpapan Tengah,210.0,210,SHM,Unfurnished,3,4,2200,1
450000,Batu Ampar,120.0,150,SHM,Unfurnished,2,1,1300,1
6500000,Sepinggan,415.0,125,HGB,Unfurnished,4,4,3500,2
925000,Balikpapan Selatan,100.0,108,SHM,Unfurnished,3,1,2200,1
1070000,Balikpapan Selatan,145.0,120,SHM,Unfurnished,4,1,3500,2
2800000,Balikpapan Selatan,226.0,280,SHM,Furnished,5,5,4400,1
2500000,Balikpapan Utara,244.0,285,SHM,Semi-furnished,5,4,3500,1
3200000,Balikpapan Utara,235.0,315,SHM,Furnished,5,3,5500,1
1150000,Balikpapan Utara,47.0,78,SHM,Semi-furnished,2,2,1300,1
440000,Balikpapan Utara,72.0,84,SHM,Unfurnished,2,1,900,1
2750000,Balikpapan Selatan,150.0,221,SHM,Furnished,4,2,5500,1
2980000,Balikpapan Baru,200.0,220,HGB,Unfurnished,4,2,2200,1
2600000,Balikpapan Baru,250.0,165,SHM,Unfurnished,4,3,7600,2
1800000,Balikpapan Baru,280.0,320,SHM,Unfurnished,6,3,4400,1
3500000,Balikpapan Selatan,260.0,230,SHM,Semi-furnished,5,3,3500,2
12000000,Balikpapan Selatan,550.0,700,SHM,Furnished,3,2,5500,1
600000,Balikpapan Selatan,60.0,90,SHM,Unfurnished,3,1,900,1
1700000,Balikpapan Selatan,260.0,150,SHM,Unfurnished,4,2,2200,2
850000,Balikpapan Selatan,145.0,150,SHM,Unfurnished,3,1,2200,1
6850000,Balikpapan Tengah,500.0,673,SHM,Unfurnished,6,5,16500,1
3850000,Balikpapan Selatan,300.0,214,SHM,Furnished,4,3,2200,2
1280000,Balikpapan Utara,150.0,180,SHM,Unfurnished,4,2,2200,1
1500000,Balikpapan Selatan,105.0,153,HGB,Unfurnished,4,4,2200,1
3300000,Balikpapan Tengah,371.0,480,SHM,Unfurnished,5,3,7700,1
1310000,Balikpapan Selatan,196.0,98,SHM,Unfurnished,5,3,2200,2
2500000,Balikpapan Selatan,102.0,278,SHM,Unfurnished,7,4,2200,1
6400000,Balikpapan Selatan,500.0,550,SHM,Furnished,6,7,7600,1
2500000,Balikpapan Barat,448.0,800,SHM,Semi-furnished,2,3,3500,1
470000,Balikpapan Selatan,70.0,60,SHM,Unfurnished,2,1,1300,2
1750000,Balikpapan Utara,243.0,250,SHM,Unfurnished,4,1,2200,1
1250000,Balikpapan Utara,60.0,72,SHM,Unfurnished,1,1,2200,1
1850000,Gunung Bahagia,145.0,168,SHM,Furnished,2,2,2200,1
400000,Muara Rapak,80.0,100,SHM,Unfurnished,3,1,2200,1
2300000,Balikpapan Utara,200.0,126,SHM,Unfurnished,4,3,3500,2
2500000,Balikpapan Selatan,224.0,500,SHM,Unfurnished,3,2,2200,1
2950000,Balikpapan Utara,384.0,240,SHM,Unfurnished,6,5,2200,2
1000000,Balikpapan Utara,105.0,165,SHM,Unfurnished,3,2,2200,1
1240000,Balikpapan Selatan,145.0,120,SHM,Furnished,4,2,3500,2
1500000,Balikpapan Timur,200.0,299,SHM,Unfurnished,5,2,3500,1
15000000,Balikpapan Utara,450.0,1700,SHM,Unfurnished,3,3,11000,1
609480,Balikpapan Timur,45.0,120,HGB,Unfurnished,2,1,2200,1
600000,Balikpapan Selatan,100.0,125,SHM,Unfurnished,2,2,2200,1
780000,Balikpapan Selatan,105.0,150,SHM,Semi-furnished,3,3,2200,1
3850000,Balikpapan Selatan,240.0,260,SHM,Unfurnished,5,4,2200,1
1700000,Balikpapan Tengah,150.0,200,SHM,Unfurnished,2,1,2200,1
1300000,Balikpapan Selatan,250.0,150,SHM,Unfurnished,5,4,2200,2
750000,Balikpapan Selatan,120.0,120,SHM,Unfurnished,4,3,2200,1
750000,Balikpapan Selatan,100.0,150,SHM,Unfurnished,3,2,2200,1
380000,Balikpapan Tengah,102.0,102,SHM,Unfurnished,2,2,1300,1
1300000,Gunung Bahagia,316.0,241,SHM,Unfurnished,4,5,3500,2
580000,Balikpapan Utara,130.0,130,SHM,Unfurnished,4,1,2200,1
1750000,Sepinggan,140.0,98,SHM,Unfurnished,3,3,2200,2
1400000,Balikpapan Selatan,95.0,173,SHM,Semi-furnished,4,2,1300,1
395000,Balikpapan Selatan,54.0,116,SHM,Unfurnished,3,1,1300,1
5000000,Balikpapan Timur,400.0,235,SHM,Unfurnished,4,4,5500,2
2100000,Balikpapan Utara,225.0,165,SHM,Unfurnished,3,2,3500,2
1250000,Balikpapan Utara,144.0,600,HGB,Unfurnished,3,2,2200,1
2500000,Balikpapan Selatan,150.0,221,SHM,Unfurnished,3,2,3500,1
2700000,Balikpapan Baru,160.0,169,SHM,Unfurnished,4,3,4400,1
1600000,Batu Ampar,100.0,179,SHM,Semi-furnished,3,2,3500,1
1200000,Balikpapan Tengah,65.0,90,SHM,Unfurnished,3,3,1300,1
1320000,Balikpapan Selatan,196.0,98,SHM,Unfurnished,5,3,2200,2
1150000,Balikpapan Timur,190.0,136,SHM,Semi-furnished,3,2,1300,2
1300000,Balikpapan Selatan,110.0,157,SHM,Furnished,3,2,2200,1
1000000,Balikpapan Timur,115.0,225,SHM,Unfurnished,3,2,1300,1
3590000,Balikpapan Utara,230.0,298,SHM,Unfurnished,5,4,3500,1
1500000,Balikpapan Utara,274.0,137,SHM,Unfurnished,5,3,3500,2
1770000,Balikpapan Selatan,135.0,150,SHM,Unfurnished,3,2,3500,1
1250000,Balikpapan Selatan,81.0,125,SHM,Unfurnished,4,2,2200,1
1450000,Balikpapan Selatan,105.0,153,HGB,Unfurnished,3,3,1300,1
3500000,Balikpapan Baru,250.0,240,SHM,Unfurnished,5,4,2200,2
1300000,Balikpapan Selatan,70.0,120,SHM,Unfurnished,3,2,3500,1
2200000,Lamaru,400.0,700,SHM,Unfurnished,4,2,5500,1
1350000,Balikpapan Selatan,140.0,150,SHM,Unfurnished,4,4,1300,1
4099999,Telaga Sari,357.0,444,SHM,Unfurnished,8,4,6600,1
1380000,Balikpapan Selatan,200.0,105,SHM,Unfurnished,3,3,2200,2
800000,Balikpapan Utara,70.0,72,SHM,Unfurnished,3,1,4400,1
750000,Balikpapan Utara,110.0,150,SHM,Unfurnished,3,2,1300,1
12000000,Balikpapan Selatan,1134.0,900,SHM,Unfurnished,5,5,3500,2
7000000,Balikpapan Tengah,800.0,960,SHM,Unfurnished,6,5,1300,1
14000000,Balikpapan Tengah,500.0,1240,SHM,Unfurnished,6,6,6600,1
1240000,Balikpapan Utara,145.0,120,SHM,Semi-furnished,4,2,3500,2
2800000,Balikpapan Baru,300.0,220,HGB,Unfurnished,4,2,2200,2
3900000,Sepinggan,500.0,450,SHM,Unfurnished,7,4,4400,2
1500000,Manggar,300.0,400,SHM,Unfurnished,3,2,1300,1
2600000,Balikpapan Baru,298.0,200,SHM,Semi-furnished,5,4,5500,2
880000,Balikpapan Selatan,100.0,108,SHM,Semi-furnished,3,1,2200,1
1600000,Balikpapan Selatan,207.0,144,SHM,Semi-furnished,5,3,4400,2
1400000,Balikpapan Selatan,112.0,157,SHM,Semi-furnished,3,2,4400,1
700000,Balikpapan Utara,200.0,243,SHM,Unfurnished,4,3,2200,1
1600000,Balikpapan Selatan,150.0,111,SHM,Furnished,5,3,2200,2
650000,Balikpapan Selatan,96.0,120,HGB,Unfurnished,6,6,1300,1
1700000,Balikpapan Utara,88.0,98,HGB,Unfurnished,3,3,1300,1
680000,Balikpapan Tengah,78.0,108,SHM,Semi-furnished,2,1,1300,1
1400000,Balikpapan Barat,230.0,350,SHM,Unfurnished,7,3,3500,1
1800000,Balikpapan Selatan,100.0,248,SHM,Unfurnished,3,2,2200,1
1500000,Balikpapan Selatan,200.0,165,SHM,Unfurnished,4,3,5500,2
2200000,Balikpapan Selatan,350.0,180,SHM,Semi-furnished,4,4,3500,2
4400000,Balikpapan Baru,250.0,342,SHM,Furnished,4,5,5500,1
510000,Balikpapan Selatan,42.0,87,SHM,Unfurnished,2,1,1300,1
1350000,Balikpapan Selatan,100.0,120,SHM,Unfurnished,4,3,3500,1
1900000,Karang Jati,263.0,283,SHM,Furnished,4,4,2200,1
726000,Balikpapan Utara,90.0,157,SHM,Unfurnished,2,2,4400,1
675000,Balikpapan Utara,110.0,110,SHM,Semi-furnished,2,1,1300,1
1150000,Balikpapan Utara,240.0,200,SHM,Furnished,6,4,1300,2
1200000,Balikpapan Selatan,200.0,150,SHM,Unfurnished,4,3,2200,2
2250000,Balikpapan Selatan,144.0,138,SHM,Unfurnished,3,2,3500,2
2570000,Damai,160.0,160,HGB,Unfurnished,4,3,4400,1
2200000,Balikpapan Utara,200.0,204,SHM,Unfurnished,5,3,2200,1
1500000,Balikpapan Utara,47.0,72,SHM,Furnished,2,1,2200,1
2500000,Balikpapan Selatan,116.0,227,HGB,Furnished,3,2,1300,1
1200000,Kariangau,276.0,318,SHM,Unfurnished,3,2,2200,1
2089999,Gunung Bahagia,120.0,126,HGB,Unfurnished,3,3,2200,1
380000,Lamaru,40.0,80,SHM,Unfurnished,2,1,1300,1
800000,Balikpapan Selatan,36.0,36,SHM,Unfurnished,3,2,2200,1
675000,Balikpapan Tengah,145.0,157,SHM,Unfurnished,5,2,900,1
6500000,Balikpapan Tengah,200.0,516,SHM,Unfurnished,9,4,1300,1
2250000,Balikpapan Selatan,144.0,138,SHM,Unfurnished,3,3,2200,2
2100000,Gunung Bahagia,280.0,144,SHM,Unfurnished,4,2,2200,2
1600000,Balikpapan Utara,140.0,200,SHM,Semi-furnished,3,2,3500,1
2300000,Balikpapan Utara,243.0,250,SHM,Semi-furnished,6,2,1300,1
2530000,Balikpapan Tengah,80.0,577,SHM,Unfurnished,4,3,2200,1
2450000,Balikpapan Selatan,210.0,175,HGB,Furnished,3,2,2200,2
1400000,Balikpapan Selatan,92.0,150,SHM,Unfurnished,2,1,2200,1
3810000,Balikpapan Selatan,286.0,84,SHM,Unfurnished,0,3,2200,2
770000,Balikpapan Selatan,90.0,108,SHM,Unfurnished,2,1,900,1
1840000,Balikpapan Selatan,150.0,150,SHM,Semi-furnished,4,3,2200,1
1500000,Balikpapan Utara,105.0,154,SHM,Unfurnished,4,4,2200,1
555000,Kariangau,148.0,171,HGB,Unfurnished,2,2,2200,1
990000,Balikpapan Utara,170.0,180,SHM,Unfurnished,4,3,2200,1
1050000,Balikpapan Utara,110.0,225,SHM,Semi-furnished,2,1,2200,1
650000,Balikpapan Utara,106.0,140,SHM,Unfurnished,3,2,2200,1
800000,Balikpapan Selatan,77.0,200,SHM,Unfurnished,2,2,1300,1
4250000,Batu Ampar,350.0,770,SHM,Unfurnished,5,6,4400,1
400000,Balikpapan Selatan,36.0,72,HGB,Unfurnished,2,1,1300,1
880000,Balikpapan Selatan,54.0,106,SHM,Furnished,2,2,2200,1
5000000,Balikpapan Tengah,280.0,460,SHM,Unfurnished,5,3,3500,1
885000,Balikpapan Timur,138.0,90,SHM,Furnished,3,3,2200,2
1400000,Balikpapan Utara,104.0,150,SHM,Unfurnished,6,3,2200,1
1000000,Balikpapan Selatan,67.0,160,SHM,Unfurnished,2,1,2200,1
1550000,Balikpapan Selatan,70.0,140,SHM,Unfurnished,3,2,2200,1
827000,Balikpapan Selatan,63.0,120,SHM,Unfurnished,2,1,2200,1
1650000,Balikpapan Utara,70.0,144,SHM,Semi-furnished,2,1,2200,1
1150000,Balikpapan Selatan,130.0,150,SHM,Semi-furnished,3,2,2200,1
4000000,Balikpapan Selatan,210.0,200,SHM,Semi-furnished,6,6,4400,2
4800000,Balikpapan Utara,400.0,450,SHM,Furnished,3,3,2200,1
2930000,Balikpapan Tengah,200.0,220,HGB,Unfurnished,4,2,2200,1
2089999,Balikpapan Selatan,268.0,183,SHM,Semi-furnished,4,2,3500,2
1000000,Balikpapan Selatan,127.0,107,HGB,Semi-furnished,4,2,1300,2
698000,Balikpapan Tengah,40.0,78,SHM,Unfurnished,2,1,1300,1
1800000,Balikpapan Tengah,114.0,90,SHM,Unfurnished,7,3,2200,2
1800000,Balikpapan Utara,72.0,800,SHM,Unfurnished,3,1,1300,1
700000,Batu Ampar,96.0,100,HGB,Unfurnished,2,1,1300,1
1800000,Balikpapan Selatan,100.0,208,SHM,Furnished,3,3,5500,1
2500000,Balikpapan Selatan,116.0,240,HGB,Unfurnished,3,2,1300,1
725000,Balikpapan Selatan,120.0,120,SHM,Unfurnished,3,1,3500,1
1250000,Balikpapan Selatan,120.0,97,SHM,Furnished,3,2,4400,2
950000,Balikpapan Selatan,170.0,155,SHM,Unfurnished,3,2,2200,2
1060000,Balikpapan Tengah,65.0,90,SHM,Unfurnished,3,3,2200,1
780000,Balikpapan Tengah,45.0,84,SHM,Unfurnished,3,1,1300,1
4550000,Balikpapan Utara,310.0,475,SHM,Furnished,4,3,2200,1
1870000,Balikpapan Selatan,110.0,180,SHM,Unfurnished,4,3,2200,1
2650000,Balikpapan Selatan,180.0,221,SHM,Semi-furnished,4,2,2200,1
1810000,Balikpapan Utara,61.0,108,SHM,Unfurnished,2,2,2200,1
7700000,Balikpapan Selatan,341.0,558,SHM,Semi-furnished,5,0,5500,1
2000000,Balikpapan Tengah,120.0,268,SHM,Unfurnished,3,3,1300,1
950000,Balikpapan Selatan,70.0,120,SHM,Semi-furnished,3,1,2200,1
1840000,Balikpapan Utara,90.0,250,SHM,Semi-furnished,3,1,3500,1
2500000,Balikpapan Selatan,150.0,145,SHM,Unfurnished,3,3,2200,2
1900000,Balikpapan Utara,200.0,180,SHM,Unfurnished,5,4,2200,2
500000,Balikpapan Selatan,40.0,78,SHM,Semi-furnished,2,1,1300,1
2000000,Balikpapan Utara,70.0,294,SHM,Semi-furnished,3,1,2200,1
1300000,Balikpapan Selatan,92.0,150,SHM,Unfurnished,2,1,1300,1
500000,Balikpapan Selatan,36.0,84,HGB,Unfurnished,2,1,1300,1
650000,Balikpapan Selatan,100.0,100,SHM,Unfurnished,2,1,1300,1
450000,Balikpapan Selatan,100.0,100,HGB,Unfurnished,1,1,900,1
3950000,Balikpapan Selatan,200.0,180,HGB,Furnished,3,3,2200,2
560000,Balikpapan Timur,62.0,120,HGB,Unfurnished,2,1,1300,1
6500000,Balikpapan Selatan,300.0,1407,HGB,Unfurnished,4,4,10000,1
4700000,Balikpapan Utara,310.0,475,SHM,Unfurnished,4,3,7700,1
2700000,Gunung Bahagia,200.0,300,SHM,Unfurnished,3,2,900,1
1010000,Balikpapan Utara,72.0,120,HGB,Semi-furnished,4,2,2200,1
1100000,Balikpapan Selatan,95.0,70,SHM,Semi-furnished,3,2,2200,2
2050000,Balikpapan Utara,200.0,200,SHM,Unfurnished,4,3,2200,1
3600000,Damai,250.0,240,SHM,Unfurnished,4,3,3500,2
3000000,Balikpapan Selatan,200.0,200,SHM,Unfurnished,3,2,5500,1
2500000,Balikpapan Selatan,90.0,180,SHM,Unfurnished,2,2,2200,1
4050000,Balikpapan Tengah,200.0,300,SHM,Semi-furnished,3,3,3500,1
1850000,Balikpapan Tengah,154.0,171,SHM,Unfurnished,4,2,1300,1
700000,Balikpapan Selatan,100.0,105,SHM,Unfurnished,2,2,1300,1
2000000,Balikpapan Tengah,124.0,151,SHM,Unfurnished,3,3,2200,1
4000000,Balikpapan Tengah,250.0,330,SHM,Unfurnished,3,2,6600,1
1150000,Balikpapan Selatan,145.0,120,SHM,Furnished,4,2,3500,2
2600000,Balikpapan Selatan,220.0,374,SHM,Unfurnished,3,2,6600,1
2800000,Balikpapan Utara,225.0,311,SHM,Unfurnished,3,2,3500,1
3750000,Gn. Samarinda,319.0,319,SHM,Unfurnished,4,5,4400,1
1450000,Gn. Samarinda,200.0,211,SHM,Unfurnished,3,2,2200,1
1500000,Balikpapan Tengah,96.0,200,SHM,Unfurnished,3,1,1300,1
1900000,Balikpapan Timur,68.0,256,SHM,Unfurnished,3,2,2200,1
500000,Sepinggan,40.0,100,SHM,Unfurnished,2,1,2200,1
570000,Sepinggan,100.0,100,SHM,Unfurnished,3,2,1300,1
925000,Balikpapan Selatan,56.0,135,SHM,Unfurnished,2,2,2200,1
1680000,Balikpapan Selatan,175.0,91,SHM,Unfurnished,3,3,3500,2
2200000,Balikpapan Selatan,104.0,150,SHM,Furnished,3,2,3500,1
7700000,Balikpapan Baru,176.0,648,SHM,Unfurnished,4,2,2200,1
495000,Balikpapan Utara,56.0,105,SHM,Unfurnished,3,1,1300,1
9500000,Balikpapan Tengah,536.0,1195,SHM,Semi-furnished,5,3,23000,1
4000000,Balikpapan Selatan,300.0,214,SHM,Semi-furnished,4,3,3500,2
1300000,Balikpapan Selatan,196.0,98,SHM,Unfurnished,5,3,2200,2
1500000,Balikpapan Selatan,111.0,157,SHM,Semi-furnished,3,2,4400,1
3210000,Balikpapan Utara,250.0,200,SHM,Unfurnished,4,2,3500,2
5000000,Balikpapan Selatan,200.0,300,SHM,Unfurnished,4,3,3500,1
3750000,Balikpapan Utara,414.0,4300,SHM,Unfurnished,5,3,1300,1
2950000,Balikpapan Selatan,289.0,200,SHM,Furnished,5,4,5500,2
2200000,Balikpapan Selatan,160.0,169,SHM,Furnished,4,3,4400,1
700000,Balikpapan Utara,72.0,90,SHM,Unfurnished,3,2,2200,1
1730000,Balikpapan Selatan,260.0,150,SHM,Semi-furnished,4,2,2200,2
900000,Balikpapan Selatan,70.0,120,HGB,Unfurnished,2,2,1300,1
500000,Balikpapan Utara,65.0,78,HGB,Unfurnished,2,2,1300,1
2800000,Balikpapan Tengah,240.0,200,SHM,Unfurnished,4,2,1300,2
650000,Balikpapan Selatan,80.0,60,SHM,Unfurnished,2,2,1300,2
790000,Balikpapan Selatan,120.0,150,SHM,Unfurnished,6,6,2200,1
1200000,Balikpapan Timur,90.0,120,SHM,Unfurnished,3,2,2200,1
950000,Balikpapan Tengah,120.0,180,HGB,Unfurnished,3,2,2200,1
750000,Balikpapan Utara,90.0,90,SHM,Unfurnished,2,2,2200,1
2200000,Balikpapan Barat,180.0,119,SHM,Unfurnished,4,2,2200,2
1900000,Balikpapan Tengah,300.0,300,SHM,Semi-furnished,3,2,5500,1
1600000,Balikpapan Selatan,93.0,171,SHM,Unfurnished,3,2,1300,1
2600000,Balikpapan Baru,298.0,200,SHM,Unfurnished,5,4,5500,2
3000000,Balikpapan Selatan,240.0,200,SHM,Furnished,3,4,5500,2
2600000,Balikpapan Selatan,200.0,165,SHM,Unfurnished,3,3,7700,2
1615000,Balikpapan Utara,126.0,360,SHM,Unfurnished,3,1,2200,1
1100000,Damai,90.0,135,SHM,Semi-furnished,3,2,2200,1
650000,Balikpapan Utara,70.0,104,SHM,Unfurnished,2,1,2200,1
2200000,Balikpapan Baru,200.0,200,SHM,Unfurnished,5,3,2200,1
650000,Balikpapan Utara,120.0,120,SHM,Unfurnished,2,2,1300,1
800000,Balikpapan Selatan,125.0,127,SHM,Unfurnished,2,2,1300,1
799000,Sumber Rejo,135.0,125,SHM,Unfurnished,3,3,1300,2
1800000,Balikpapan Selatan,154.0,165,SHM,Unfurnished,3,2,2200,1
750000,Balikpapan Selatan,90.0,90,SHM,Unfurnished,3,2,2200,1
2200000,Balikpapan Selatan,160.0,220,SHM,Unfurnished,3,3,5500,1
2000000,Klandasan Ulu,200.0,450,SHM,Unfurnished,4,2,2200,1
1300000,Balikpapan Selatan,110.0,140,SHM,Unfurnished,3,2,2200,1
1000000,Balikpapan Utara,135.0,135,SHM,Unfurnished,2,2,3500,1
1600000,Balikpapan Selatan,150.0,180,SHM,Unfurnished,3,2,4400,1
2800000,Balikpapan Selatan,226.0,280,SHM,Semi-furnished,5,5,4400,1
1840000,Balikpapan Baru,173.0,198,SHM,Unfurnished,3,3,4400,1
1500000,Balikpapan Tengah,170.0,225,SHM,Unfurnished,3,2,2200,1
1000000,Damai,90.0,135,SHM,Unfurnished,3,2,2200,1
1800000,Balikpapan Selatan,320.0,320,SHM,Semi-furnished,5,3,3500,1
990000,Balikpapan Selatan,110.0,120,SHM,Unfurnished,2,2,2200,1
3500000,Damai,300.0,250,SHM,Semi-furnished,3,3,4400,2
3500000,Balikpapan Selatan,160.1,135,SHM,Unfurnished,4,2,1300,2
1350000,Balikpapan Selatan,132.0,91,SHM,Furnished,4,2,3500,2
1200000,Balikpapan Utara,130.0,120,SHM,Unfurnished,3,2,3500,2
1150000,Balikpapan Utara,46.0,72,SHM,Unfurnished,2,2,1300,1
1450000,Balikpapan Utara,300.0,201,SHM,Unfurnished,5,3,4400,2
570000,Balikpapan Utara,120.0,180,SHM,Unfurnished,3,2,900,1
1750000,Balikpapan Selatan,165.0,240,SHM,Semi-furnished,4,2,2200,1
1750000,Balikpapan Selatan,120.0,300,SHM,Furnished,3,2,3500,1
4000000,Balikpapan Utara,150.0,319,SHM,Unfurnished,4,5,4400,1
835000,Balikpapan Selatan,140.0,150,SHM,Unfurnished,3,2,1300,1
1100000,Balikpapan Selatan,60.0,178,SHM,Semi-furnished,3,2,2200,1
3500000,Balikpapan Utara,400.0,330,SHM,Unfurnished,4,5,4400,2
625000,Balikpapan Selatan,78.0,135,SHM,Unfurnished,2,1,1300,1
680000,Balikpapan Selatan,140.0,150,SHM,Unfurnished,2,2,1300,1
629990,Balikpapan Timur,60.0,120,SHM,Unfurnished,3,2,1300,1
975000,Balikpapan Utara,54.0,168,HGB,Unfurnished,2,1,2200,1
1050000,Balikpapan Selatan,45.0,104,SHM,Semi-furnished,2,1,2200,1
1900000,Balikpapan Selatan,154.0,154,SHM,Unfurnished,4,3,5500,1
870000,Balikpapan Utara,60.0,150,SHM,Unfurnished,2,1,1300,1
950000,Balikpapan Utara,110.0,120,SHM,Semi-furnished,2,2,2200,1
3000000,Damai,298.0,200,SHM,Unfurnished,5,4,5500,2
1080000,Balikpapan Selatan,150.0,200,SHM,Unfurnished,4,2,3500,1
990000,Balikpapan Utara,110.0,120,SHM,Unfurnished,2,2,2200,1
890000,Balikpapan Selatan,45.0,120,SHM,Unfurnished,2,1,1300,1
1400000,Balikpapan Selatan,80.0,150,SHM,Unfurnished,2,2,2200,1
1220000,Balikpapan Selatan,100.0,120,SHM,Unfurnished,2,2,2200,1
1400000,Balikpapan Selatan,110.0,157,SHM,Furnished,3,2,2200,1
950000,Balikpapan Utara,100.0,60,HGB,Unfurnished,2,2,1300,2
1100000,Balikpapan Utara,128.0,128,SHM,Unfurnished,3,2,2200,1
3800000,Manggar,250.0,580,SHM,Furnished,4,2,53000,1
3500000,Balikpapan Selatan,100.0,200,SHM,Furnished,3,3,7700,1
1700000,Balikpapan Tengah,170.0,300,SHM,Furnished,3,2,2200,1
600000,Balikpapan Utara,70.0,90,SHM,Unfurnished,2,1,1300,1
835000,Balikpapan Selatan,90.0,120,SHM,Unfurnished,2,1,1300,1
1400000,Batu Ampar,240.0,240,SHM,Unfurnished,3,2,2200,1
1290000,Balikpapan Selatan,240.0,240,SHM,Unfurnished,3,2,2200,1
2500000,Balikpapan Tengah,180.0,330,SHM,Unfurnished,4,3,2200,1
430000,Balikpapan Selatan,30.0,70,SHM,Unfurnished,2,1,1300,1
1200000,Balikpapan Baru,200.0,165,SHM,Unfurnished,3,2,1300,2
830000,Balikpapan Selatan,36.0,98,SHM,Furnished,2,1,1300,1
2800000,Damai,130.0,240,SHM,Unfurnished,3,3,2200,1
3075000,Balikpapan Selatan,250.0,300,SHM,Unfurnished,3,3,3500,1
650000,Balikpapan Selatan,92.0,140,SHM,Unfurnished,2,2,2200,1
1950000,Balikpapan Tengah,205.0,200,SHM,Unfurnished,3,2,22000,2
2875000,Damai,120.0,240,SHM,Unfurnished,3,2,2200,1
2300000,Balikpapan Selatan,264.0,285,SHM,Semi-furnished,5,4,3500,1
2260000,Balikpapan Selatan,120.0,133,SHM,Unfurnished,3,3,2200,1
2500000,Klandasan Ilir,120.0,128,SHM,Unfurnished,6,2,2200,1
2200000,Balikpapan Selatan,200.0,160,SHM,Unfurnished,4,4,2200,2
1300000,Balikpapan Utara,243.0,250,SHM,Semi-furnished,6,2,1300,1
850000,Damai,150.0,150,SHM,Unfurnished,4,2,900,1
1200000,Balikpapan Utara,130.0,150,SHM,Unfurnished,3,2,1300,1
2300000,Balikpapan Utara,80.0,577,SHM,Semi-furnished,4,2,2200,1
1900000,Balikpapan Selatan,140.0,212,SHM,Unfurnished,2,1,2200,1
3800000,Balikpapan Selatan,234.0,135,SHM,Unfurnished,5,3,1300,2
1250000,Balikpapan Utara,47.0,60,SHM,Unfurnished,2,2,1300,1
775000,Prapatan,200.0,153,SHM,Unfurnished,5,2,1300,2
790000,Balikpapan Utara,200.0,200,SHM,Furnished,3,2,1300,1
2250000,Balikpapan Selatan,108.0,200,SHM,Semi-furnished,3,3,2200,1
4900000,Balikpapan Utara,90.0,494,SHM,Unfurnished,3,2,2200,1
395000,Balikpapan Selatan,75.0,116,SHM,Unfurnished,3,1,1300,1
660000,Balikpapan Selatan,90.0,90,SHM,Unfurnished,2,1,1300,1
673000,Balikpapan Tengah,42.0,78,SHM,Unfurnished,3,1,1300,1
1700000,Balikpapan Selatan,255.0,150,SHM,Semi-furnished,3,3,3500,2
1200000,Balikpapan Selatan,184.0,300,SHM,Unfurnished,4,3,2200,1
1000000,Balikpapan Selatan,65.0,152,HGB,Unfurnished,3,2,1300,1
3700000,Balikpapan Selatan,150.0,1850,HGB,Unfurnished,3,4,3500,1
300000,Balikpapan Utara,96.0,96,SHM,Unfurnished,6,1,2200,1
600000,Balikpapan Selatan,49.0,136,SHM,Unfurnished,2,1,1300,1
1000000,Balikpapan Selatan,96.0,120,SHM,Unfurnished,2,1,3500,1
1900000,Balikpapan Tengah,180.0,96,SHM,Unfurnished,4,3,2200,2
850000,Balikpapan Utara,54.0,98,SHM,Unfurnished,3,2,1300,1
870000,Balikpapan Tengah,100.0,144,SHM,Unfurnished,2,1,1300,1
950000,Balikpapan Selatan,156.0,100,SHM,Unfurnished,5,2,2200,2
470000,Batu Ampar,160.0,160,SHM,Unfurnished,4,2,2200,1
1880000,Balikpapan Selatan,90.0,301,SHM,Unfurnished,3,2,2200,1
825000,Balikpapan Utara,80.0,113,SHM,Unfurnished,2,1,2200,1
1500000,Batakan,100.0,130,SHM,Unfurnished,3,2,2200,1
1000000,Balikpapan Selatan,100.0,102,SHM,Unfurnished,2,1,5500,1
1750000,Balikpapan Utara,88.0,98,SHM,Unfurnished,3,2,1300,1
1060000,Balikpapan Selatan,65.0,90,SHM,Unfurnished,3,3,2200,1
1600000,Balikpapan Selatan,65.0,105,SHM,Unfurnished,3,2,2200,1
1370000,Balikpapan Utara,112.0,112,SHM,Unfurnished,2,2,2200,1
780000,Balikpapan Selatan,45.0,84,SHM,Unfurnished,3,1,1300,1
698000,Balikpapan Selatan,40.0,78,SHM,Unfurnished,2,1,1300,1
4650000,Balikpapan Baru,250.0,200,SHM,Furnished,5,5,4400,2
4500000,Gn. Sari Ilir,135.0,206,SHM,Unfurnished,7,7,2200,1
2700000,Balikpapan Baru,220.0,230,SHM,Unfurnished,6,4,2200,1
7500000,Balikpapan Baru,289.0,612,SHM,Unfurnished,6,6,5500,1
3000000,Balikpapan Selatan,300.0,248,SHM,Unfurnished,3,3,2200,2
1900000,Balikpapan Utara,135.0,235,SHM,Unfurnished,2,2,4400,1
2600000,Balikpapan Baru,250.0,180,HGB,Semi-furnished,3,2,2200,2
7500000,Balikpapan Tengah,600.0,373,SHM,Unfurnished,5,5,5500,2
2500000,Balikpapan Utara,200.0,400,SHM,Unfurnished,4,2,1300,1
5000000,Balikpapan Selatan,260.0,674,SHM,Unfurnished,3,3,4400,1
5000000,Balikpapan Selatan,660.0,674,SHM,Semi-furnished,4,4,4400,1
1250000,Balikpapan Selatan,200.0,200,SHM,Unfurnished,4,4,3500,1
7000000,Balikpapan Selatan,500.0,673,SHM,Unfurnished,3,3,3500,1
2560000,Sepinggan,250.0,200,SHM,Unfurnished,5,3,2200,2
2350000,Balikpapan Selatan,176.0,112,SHM,Unfurnished,4,2,5500,2
5500000,Balikpapan Utara,400.0,610,SHM,Unfurnished,3,3,10000,1
1260000,Balikpapan Selatan,195.0,195,SHM,Unfurnished,3,2,4400,1
1300000,Balikpapan Utara,80.0,144,SHM,Unfurnished,3,1,2200,1
1900000,Balikpapan Tengah,138.0,200,SHM,Unfurnished,3,2,2200,1
1500000,Balikpapan Selatan,207.0,144,SHM,Semi-furnished,5,3,4400,2
3100000,Balikpapan Utara,200.0,534,SHM,Unfurnished,3,2,2200,1
600000,Balikpapan Utara,140.0,80,SHM,Semi-furnished,2,2,1300,2
510000,Balikpapan Tengah,150.0,201,SHM,Unfurnished,3,2,1300,1
850000,Balikpapan Utara,65.0,120,SHM,Unfurnished,3,3,2200,1
1050000,Balikpapan Utara,70.0,90,HGB,Unfurnished,3,2,2200,1
900000,Balikpapan Utara,100.0,78,SHM,Unfurnished,3,2,2200,2
4500000,Balikpapan Utara,400.0,396,SHM,Semi-furnished,6,4,4400,2
2500000,Balikpapan Baru,100.0,305,SHM,Unfurnished,3,2,2200,1
1500000,Balikpapan Utara,111.0,157,SHM,Semi-furnished,3,2,4400,1
690000,Balikpapan Utara,60.0,144,SHM,Unfurnished,3,2,1300,1
600000,Balikpapan Selatan,57.0,93,HGB,Unfurnished,2,1,1300,1
350000,Balikpapan Utara,36.0,120,HGB,Unfurnished,2,1,1300,1
500000,Balikpapan Utara,96.0,96,SHM,Unfurnished,2,2,2200,1
5500000,Balikpapan Selatan,350.0,500,SHM,Unfurnished,3,3,5500,1
500000,Balikpapan Timur,60.0,75,HGB,Unfurnished,2,1,1300,1
850000,Balikpapan Selatan,120.0,150,SHM,Unfurnished,3,2,2200,1
2700000,Balikpapan Baru,155.0,320,SHM,Unfurnished,4,3,5500,1
3500000,Balikpapan Utara,172.0,216,SHM,Unfurnished,3,2,2200,1
750000,Balikpapan Selatan,100.0,150,SHM,Unfurnished,3,2,2200,1
3950000,Balikpapan Selatan,200.0,180,HGB,Unfurnished,3,3,2200,2
2800000,Balikpapan Utara,180.0,256,HGB,Unfurnished,4,4,1300,1
600000,Balikpapan Utara,82.0,91,SHM,Unfurnished,2,1,1300,1
695000,Balikpapan Selatan,45.0,80,SHM,Unfurnished,2,1,1300,1
2800000,Balikpapan Selatan,150.0,160,SHM,Unfurnished,4,3,4400,1
2200000,Balikpapan Selatan,150.0,221,SHM,Unfurnished,3,2,3500,1
2400000,Balikpapan Kota,250.0,144,HGB,Unfurnished,2,3,2200,2
1850000,Balikpapan Kota,80.0,120,SHM,Unfurnished,3,2,1300,1
900000,Balikpapan Timur,150.0,404,SHM,Unfurnished,3,2,1300,1
800000,Balikpapan Selatan,84.0,168,SHM,Furnished,2,1,1300,1
900000,Balikpapan Selatan,100.0,104,SHM,Furnished,4,2,1300,1
1650000,Balikpapan Baru,64.0,165,SHM,Unfurnished,3,2,1300,1
1120000,Balikpapan Tengah,90.0,84,SHM,Unfurnished,3,3,2200,2
3700000,Balikpapan Selatan,242.0,315,SHM,Unfurnished,3,3,6600,1
450000,Balikpapan Selatan,50.0,105,SHM,Unfurnished,2,1,1300,1
1500000,Balikpapan Selatan,90.0,120,SHM,Unfurnished,3,2,3500,1
3500000,Balikpapan Tengah,175.0,315,SHM,Unfurnished,3,2,2200,1
750000,Balikpapan Selatan,120.0,150,SHM,Unfurnished,3,2,1300,1
400000,Balikpapan Selatan,56.0,72,SHM,Unfurnished,2,1,1300,1
1650000,Balikpapan Selatan,95.0,152,SHM,Unfurnished,3,2,2200,1
1100000,Balikpapan Selatan,60.0,108,SHM,Unfurnished,3,3,1300,1
800000,Balikpapan Selatan,230.0,162,SHM,Unfurnished,4,2,1300,2
4800000,Balikpapan Baru,225.0,400,SHM,Unfurnished,4,4,3500,1
880000,Balikpapan Tengah,47.0,60,HGB,Unfurnished,2,2,1300,1
3000000,Balikpapan Utara,220.0,384,SHM,Unfurnished,8,3,3500,1
900000,Balikpapan Utara,252.0,252,SHM,Unfurnished,6,3,1300,1
2500000,Balikpapan Kota,111.0,180,SHM,Unfurnished,4,3,4400,1
1000000,Balikpapan Selatan,200.0,240,SHM,Unfurnished,3,2,2200,1
650000,Balikpapan Selatan,92.0,140,SHM,Unfurnished,2,2,2200,1
1500000,Balikpapan Selatan,200.0,299,SHM,Unfurnished,4,2,3500,1
595000,Balikpapan Selatan,45.0,112,SHM,Unfurnished,2,1,1300,1
1700000,Balikpapan Selatan,115.0,120,SHM,Unfurnished,5,3,2200,1
1800000,Balikpapan Selatan,120.0,100,SHM,Unfurnished,3,3,2200,2
850000,Balikpapan Utara,180.0,208,SHM,Unfurnished,2,1,1300,1
4500000,Balikpapan Tengah,250.0,300,SHM,Unfurnished,3,4,6600,1
2800000,Balikpapan Selatan,225.0,354,SHM,Unfurnished,4,3,4400,1
800000,Balikpapan Timur,80.0,150,SHM,Unfurnished,2,2,2200,1
2700000,Balikpapan Utara,225.0,311,SHM,Unfurnished,4,3,3500,1
2400000,Balikpapan Selatan,250.0,215,SHM,Unfurnished,5,3,3500,2
2500000,Balikpapan Utara,200.0,400,SHM,Unfurnished,4,2,1300,1
1500000,Balikpapan Selatan,61.0,108,SHM,Unfurnished,2,2,2200,1
530000,Balikpapan Selatan,45.0,75,SHM,Unfurnished,2,1,1300,1
1200000,Balikpapan Selatan,150.0,180,SHM,Unfurnished,3,2,2200,1
900000,Balikpapan Timur,90.0,114,SHM,Unfurnished,3,1,1300,1
1500000,Balikpapan Selatan,200.0,256,SHM,Unfurnished,4,3,2200,1
3300000,Balikpapan Selatan,230.0,215,SHM,Unfurnished,4,3,3500,2
2050000,Balikpapan Selatan,108.0,200,SHM,Unfurnished,3,3,2200,1
750000,Balikpapan Utara,80.0,163,SHM,Unfurnished,2,2,4400,1
5000000,Balikpapan Selatan,400.0,499,SHM,Unfurnished,5,4,4400,1
4500000,Balikpapan Selatan,380.0,475,SHM,Unfurnished,3,2,7600,1
3500000,Balikpapan Selatan,298.0,160,SHM,Unfurnished,4,3,5500,2
1400000,Balikpapan Selatan,100.0,144,SHM,Unfurnished,4,2,2200,1
1100000,Balikpapan Selatan,100.0,134,SHM,Unfurnished,3,2,3500,1
700000,Balikpapan Utara,110.0,110,SHM,Unfurnished,2,1,1300,1
370000,Balikpapan Selatan,72.0,72,SHM,Semi-furnished,2,1,1300,1
470000,Balikpapan Tengah,154.0,180,SHM,Furnished,3,2,900,1
750000,Balikpapan Utara,95.0,111,SHM,Semi-furnished,2,1,1300,1
750000,Balikpapan Utara,90.0,90,SHM,Unfurnished,2,2,2200,1
900000,Balikpapan Utara,108.0,330,SHM,Unfurnished,5,2,1300,1
1300000,Balikpapan Selatan,91.0,350,SHM,Unfurnished,3,2,1300,1
450000,Balikpapan Tengah,30.0,173,SHM,Unfurnished,3,1,2200,1
1850000,Balikpapan Selatan,150.0,150,SHM,Semi-furnished,4,3,3500,1
925000,Balikpapan Selatan,60.0,90,HGB,Unfurnished,2,1,1300,1
1050000,Balikpapan Utara,54.0,168,HGB,Unfurnished,2,1,1300,1
980000,Balikpapan Utara,110.0,120,SHM,Unfurnished,2,2,2200,1
3000000,Balikpapan Baru,400.0,320,SHM,Unfurnished,3,3,2200,2
1750000,Balikpapan Baru,136.0,120,HGB,Unfurnished,4,2,2200,2
1050000,Balikpapan Selatan,100.0,57,SHM,Furnished,2,2,2200,2
2200000,Balikpapan Selatan,220.0,374,SHM,Unfurnished,3,2,6600,1
1600000,Balikpapan Selatan,70.0,170,HGB,Unfurnished,3,2,1300,1
800000,Balikpapan Selatan,120.0,167,SHM,Unfurnished,3,2,1300,1
830000,Balikpapan Selatan,115.0,84,SHM,Unfurnished,4,1,2200,2
550000,Balikpapan Selatan,60.0,150,SHM,Unfurnished,2,2,1300,1
425000,Balikpapan Tengah,85.0,98,SHM,Unfurnished,3,1,900,1
1500000,Balikpapan Utara,98.0,210,SHM,Unfurnished,3,2,1300,1
580000,Balikpapan Tengah,50.0,171,SHM,Unfurnished,3,1,1300,1
1700000,Balikpapan Selatan,79.0,126,HGB,Unfurnished,3,2,2200,1
550000,Balikpapan Tengah,160.0,166,SHM,Unfurnished,3,1,900,1
675000,Balikpapan Selatan,36.0,157,SHM,Unfurnished,2,1,900,1
935000,Balikpapan Tengah,50.0,120,SHM,Unfurnished,2,1,1300,1
1450000,Balikpapan Utara,269.0,211,SHM,Unfurnished,4,2,2200,2
680000,Balikpapan Tengah,42.0,78,SHM,Unfurnished,2,1,1300,1
1060000,Balikpapan Tengah,36.0,185,SHM,Unfurnished,2,1,1300,1
3000000,Balikpapan Barat,550.0,600,SHM,Unfurnished,7,7,1300,1
1350000,Balikpapan Selatan,141.0,108,HGB,Unfurnished,3,3,16500,2
1550000,Balikpapan Selatan,144.0,160,HGB,Unfurnished,2,2,1300,1
4000000,Balikpapan Selatan,160.0,400,SHM,Unfurnished,3,2,3500,1
607000,Balikpapan Tengah,36.0,72,SHM,Unfurnished,2,1,1300,1
1450000,Balikpapan Utara,300.0,201,SHM,Unfurnished,5,3,4400,2
1500000,Balikpapan Utara,100.0,200,SHM,Unfurnished,3,2,3500,1
850000,Balikpapan Selatan,100.0,120,SHM,Unfurnished,3,2,1300,1
4500000,Balikpapan Selatan,308.0,342,SHM,Unfurnished,4,4,5500,1
1190000,Balikpapan Selatan,70.0,162,HGB,Unfurnished,2,1,2200,1
1900000,Balikpapan Selatan,100.0,212,SHM,Unfurnished,2,1,2200,1
930000,Balikpapan Utara,112.0,80,SHM,Unfurnished,3,2,2200,2
1300000,Balikpapan Selatan,250.0,450,SHM,Unfurnished,5,3,2200,1
1100000,Balikpapan Selatan,200.0,170,SHM,Unfurnished,4,3,2200,2
1400000,Balikpapan Selatan,184.0,287,SHM,Semi-furnished,4,3,2200,1
4500000,Balikpapan Kota,199.0,356,SHM,Unfurnished,4,1,5500,1
1900000,Balikpapan Tengah,300.0,214,SHM,Unfurnished,5,4,4400,2
550000,Balikpapan Tengah,40.0,78,SHM,Unfurnished,2,1,1300,1
500000,Balikpapan Selatan,96.0,96,SHM,Unfurnished,2,1,1300,1
900000,Balikpapan Selatan,120.0,200,SHM,Unfurnished,3,1,2200,1
750000,Balikpapan Utara,60.0,120,SHM,Unfurnished,2,1,2200,1
1700000,Balikpapan Selatan,215.0,191,SHM,Unfurnished,3,2,2200,2
850000,Balikpapan Utara,90.0,120,SHM,Unfurnished,3,2,2200,1
875000,Balikpapan Utara,90.0,120,SHM,Unfurnished,3,2,2200,1
1900000,Balikpapan Baru,130.0,195,SHM,Unfurnished,3,1,2200,1
670000,Balikpapan Selatan,120.0,142,SHM,Unfurnished,3,1,1300,1
2500000,Balikpapan Utara,500.0,311,SHM,Unfurnished,6,5,2200,2
1100000,Balikpapan Tengah,204.0,204,SHM,Unfurnished,4,3,2200,1
2800000,Balikpapan Utara,225.0,311,SHM,Unfurnished,4,3,3500,1
800000,Balikpapan Selatan,120.0,84,SHM,Unfurnished,4,2,2200,2
750000,Balikpapan Timur,130.0,130,SHM,Unfurnished,3,2,2200,1
1300000,Balikpapan Selatan,150.0,180,SHM,Unfurnished,3,2,1300,1
1500000,Balikpapan Timur,70.0,238,SHM,Unfurnished,2,2,2200,1
485000,Balikpapan Utara,110.0,120,SHM,Unfurnished,3,2,1300,1
500000,Balikpapan Utara,45.0,90,SHM,Unfurnished,2,1,1300,1
2300000,Balikpapan Utara,88.0,140,SHM,Unfurnished,3,3,1300,1
485000,Balikpapan Utara,110.0,120,SHM,Semi-furnished,3,2,1300,1
1950000,Balikpapan Timur,100.0,289,SHM,Unfurnished,2,2,2200,1
3750000,Balikpapan Selatan,240.0,260,SHM,Unfurnished,4,4,2200,1
1400000,Balikpapan Selatan,200.0,150,SHM,Unfurnished,4,4,1300,2
1850000,Balikpapan Selatan,180.0,90,SHM,Unfurnished,4,4,3500,2
2500000,Balikpapan Selatan,136.0,216,SHM,Unfurnished,2,1,2200,1
950000,Balikpapan Selatan,45.0,92,SHM,Unfurnished,2,1,1300,1
2000000,Balikpapan Selatan,250.0,216,SHM,Unfurnished,4,3,3500,2
850000,Balikpapan Selatan,109.0,147,SHM,Unfurnished,4,3,2200,1
1750000,Balikpapan Utara,200.0,220,SHM,Unfurnished,5,3,4400,1
1050000,Balikpapan Utara,120.0,235,SHM,Unfurnished,3,1,2200,1
900000,Balikpapan Selatan,72.0,54,SHM,Unfurnished,3,2,2200,2
1900000,Balikpapan Selatan,216.0,250,SHM,Unfurnished,4,3,3500,1
650000,Balikpapan Tengah,120.0,200,SHM,Unfurnished,3,2,1300,1
675000,Balikpapan Selatan,85.0,100,SHM,Unfurnished,2,1,1300,1
1720000,Balikpapan Selatan,74.0,72,HGB,Furnished,3,2,2200,2
2250000,Balikpapan Selatan,92.0,105,HGB,Furnished,3,3,3500,1
2000000,Balikpapan Selatan,250.0,165,SHM,Unfurnished,3,2,2200,2
2500000,Balikpapan Selatan,180.0,180,SHM,Unfurnished,4,3,3500,1
950000,Balikpapan Selatan,150.0,150,SHM,Unfurnished,3,2,1300,1
600000,Balikpapan Utara,48.0,120,HGB,Unfurnished,2,1,2200,1
730000,Balikpapan Selatan,120.0,160,SHM,Unfurnished,3,1,1300,1
2160000,Balikpapan Utara,120.0,117,SHM,Unfurnished,3,2,2200,2
1760000,Balikpapan Utara,105.0,88,SHM,Unfurnished,3,2,2200,2
3260000,Balikpapan Utara,172.0,200,SHM,Unfurnished,4,3,2200,1
3720000,Balikpapan Baru,100.0,389,SHM,Unfurnished,6,3,2200,1
2500000,Balikpapan Selatan,150.0,221,SHM,Unfurnished,3,2,3500,1
1300000,Balikpapan Timur,147.0,147,SHM,Unfurnished,4,2,1300,1
600000,Balikpapan Timur,55.0,120,SHM,Unfurnished,2,1,1300,1
1100000,Balikpapan Timur,54.0,72,SHM,Unfurnished,4,3,2200,1
2000000,Balikpapan Baru,263.0,283,SHM,Unfurnished,4,4,2200,1
2500000,Balikpapan Selatan,295.0,150,SHM,Unfurnished,5,3,2200,2
12000000,Balikpapan Selatan,1270.0,1270,SHM,Unfurnished,6,5,6600,1
1900000,Balikpapan Selatan,105.0,121,SHM,Unfurnished,2,2,4400,1
850000,Balikpapan Tengah,100.0,60,SHM,Semi-furnished,2,2,2200,2
900000,Balikpapan Timur,180.0,120,SHM,Unfurnished,4,3,2200,2
800000,Balikpapan Utara,205.0,149,SHM,Unfurnished,3,2,2200,2
895000,Balikpapan Selatan,60.0,98,SHM,Unfurnished,2,1,1300,1
5000000,Balikpapan Selatan,360.0,360,SHM,Furnished,4,4,4400,1
425000,Balikpapan Utara,45.0,120,SHM,Unfurnished,2,1,1300,1
3750000,Balikpapan Selatan,600.0,447,SHM,Unfurnished,3,3,4400,2
2150000,Balikpapan Utara,100.0,160,SHM,Unfurnished,3,2,2200,1
600000,Balikpapan Timur,90.0,268,SHM,Unfurnished,3,2,900,1
2650000,Balikpapan Baru,298.0,200,SHM,Unfurnished,5,7,5500,2
1600000,Balikpapan Baru,98.0,216,HGB,Unfurnished,3,3,2200,1
6000000,Balikpapan Baru,875.0,343,SHM,Unfurnished,4,3,3500,2
6000000,Balikpapan Selatan,476.0,454,HGB,Unfurnished,7,5,5500,2
9000000,Balikpapan Selatan,400.0,670,SHM,Unfurnished,4,3,13200,1
6800000,Balikpapan Selatan,275.0,450,SHM,Unfurnished,4,3,2200,1
4800000,Balikpapan Selatan,250.0,395,HGB,Unfurnished,5,4,3500,1
2000000,Balikpapan Utara,200.0,200,SHM,Unfurnished,4,2,2200,1
650000,Balikpapan Timur,78.0,90,SHM,Unfurnished,3,1,1300,1
1500000,Balikpapan Utara,186.0,186,SHM,Unfurnished,4,3,2200,1
752000,Balikpapan Utara,70.0,90,SHM,Unfurnished,2,1,1300,1
702000,Balikpapan Utara,102.0,200,SHM,Unfurnished,3,2,900,1
1300000,Balikpapan Selatan,128.0,84,HGB,Semi-furnished,3,3,12700,2
1200000,Balikpapan Selatan,144.0,120,SHM,Furnished,4,2,3500,2
1130000,Balikpapan Utara,96.0,160,SHM,Unfurnished,3,2,2200,1
800000,Balikpapan Selatan,200.0,100,HGB,Unfurnished,6,4,2200,2
950000,Balikpapan Utara,208.0,208,SHM,Furnished,6,2,3500,1
1790000,Balikpapan Utara,153.0,173,SHM,Unfurnished,3,2,2200,1
485000,Balikpapan Barat,50.0,120,SHM,Unfurnished,2,1,2200,1
995000,Balikpapan Selatan,80.0,138,SHM,Unfurnished,3,2,2200,1
948000,Balikpapan Tengah,60.0,108,SHM,Unfurnished,2,1,2200,1
2500000,Balikpapan Kota,180.0,238,HGB,Unfurnished,3,2,2200,1
1000000,Balikpapan Selatan,80.0,90,SHM,Unfurnished,3,2,1300,1
2700000,Balikpapan Utara,500.0,311,SHM,Unfurnished,5,5,4400,2
1350000,Balikpapan Utara,120.0,112,SHM,Unfurnished,2,2,2200,2
1200000,Balikpapan Selatan,65.0,150,HGB,Unfurnished,4,3,2200,1
2100000,Balikpapan Selatan,250.0,216,SHM,Unfurnished,4,3,3500,2
550000,Balikpapan Timur,78.0,221,SHM,Unfurnished,2,2,1300,1
1200000,Balikpapan Timur,121.0,395,SHM,Unfurnished,3,2,1300,1
1200000,Balikpapan Utara,220.0,147,SHM,Unfurnished,6,3,2200,2
4600000,Balikpapan Baru,300.0,300,SHM,Unfurnished,4,4,5500,1
400000,Balikpapan Timur,150.0,300,SHM,Unfurnished,4,2,900,1
1200000,Balikpapan Utara,145.0,160,SHM,Unfurnished,4,2,4400,1
1350000,Balikpapan Kota,60.0,122,SHM,Unfurnished,2,1,5500,1
450000,Balikpapan Timur,126.0,150,SHM,Unfurnished,3,1,900,1
2200000,Balikpapan Tengah,240.0,176,SHM,Furnished,7,7,2200,2
1850000,Balikpapan Selatan,167.0,152,SHM,Semi-furnished,3,2,2200,2
400000,Balikpapan Utara,120.0,150,SHM,Unfurnished,1,1,900,1
1200000,Balikpapan Selatan,316.0,241,SHM,Unfurnished,3,3,5500,2
1200000,Balikpapan Kota,134.0,187,SHM,Unfurnished,3,2,2200,1
1300000,Balikpapan Selatan,300.0,150,SHM,Unfurnished,9,4,2200,2
1500000,Balikpapan Baru,100.0,150,SHM,Unfurnished,2,2,2200,1
2600000,Balikpapan Kota,176.0,176,SHM,Unfurnished,4,1,900,1
630000,Balikpapan Selatan,36.0,180,SHM,Unfurnished,2,1,1300,1
880000,Balikpapan Selatan,150.0,150,SHM,Unfurnished,5,3,5500,1
1700000,Balikpapan Utara,100.0,260,SHM,Unfurnished,3,1,2200,1
1200000,Balikpapan Utara,150.0,300,SHM,Unfurnished,5,2,1300,1
670000,Balikpapan Selatan,90.0,90,SHM,Unfurnished,2,1,2200,1
500000,Balikpapan Selatan,200.0,200,SHM,Unfurnished,4,1,1300,1
4500000,Balikpapan Selatan,580.0,1034,SHM,Unfurnished,5,4,4400,1
2200000,Balikpapan Baru,128.0,180,SHM,Unfurnished,3,2,2200,1
9500000,Balikpapan Selatan,400.0,670,SHM,Unfurnished,4,3,13200,1
730000,Balikpapan Selatan,56.0,84,SHM,Unfurnished,3,2,2200,1
5600000,Balikpapan Baru,250.0,400,SHM,Unfurnished,4,4,4400,1
1100000,Balikpapan Timur,120.0,135,SHM,Semi-furnished,8,4,3500,1
1700000,Balikpapan Baru,150.0,200,SHM,Unfurnished,3,2,2200,1
845000,Balikpapan Selatan,125.0,143,SHM,Unfurnished,2,1,1300,1
1800000,Balikpapan Baru,120.0,144,SHM,Unfurnished,3,2,2200,1
550000,Balikpapan Utara,48.0,150,SHM,Unfurnished,2,1,1300,1
1350000,Balikpapan Kota,280.0,137,SHM,Unfurnished,5,3,3500,2
1200000,Balikpapan Selatan,90.0,140,HGB,Unfurnished,3,2,2200,1
2700000,Balikpapan Utara,180.0,148,HGB,Unfurnished,3,2,2200,2
2400000,Balikpapan Baru,230.0,220,SHM,Unfurnished,6,4,1300,2
405000,Balikpapan Utara,39.0,150,HGB,Unfurnished,2,1,1300,1
3800000,Balikpapan Kota,230.0,400,SHM,Unfurnished,4,3,1300,1
2300000,Balikpapan Baru,156.0,234,SHM,Unfurnished,6,2,2200,1
1350000,Balikpapan Selatan,75.0,144,SHM,Unfurnished,2,2,2200,1
800000,Balikpapan Selatan,45.0,115,SHM,Unfurnished,2,1,1300,1
3750000,Balikpapan Utara,450.0,319,SHM,Unfurnished,4,5,4400,2
5780000,Balikpapan Tengah,400.0,665,SHM,Unfurnished,3,3,4400,1
1670000,Balikpapan Utara,80.0,250,SHM,Unfurnished,2,1,2200,1
2000000,Balikpapan Utara,135.0,285,SHM,Unfurnished,2,2,4400,1
875000,Balikpapan Utara,100.0,120,SHM,Unfurnished,2,2,2200,1
2400000,Balikpapan Baru,320.0,160,SHM,Unfurnished,4,4,2200,2
1420000,Balikpapan Utara,200.0,211,SHM,Unfurnished,3,2,2200,1
650000,Balikpapan Selatan,90.0,120,SHM,Unfurnished,3,1,1300,1
1750000,Balikpapan Utara,150.0,256,SHM,Unfurnished,3,3,2200,1
7000000,Balikpapan Baru,176.0,648,SHM,Unfurnished,4,3,3500,1
700000,Balikpapan Selatan,42.0,112,SHM,Unfurnished,2,1,1300,1
900000,Balikpapan Selatan,45.0,112,SHM,Unfurnished,2,1,1300,1
1900000,Balikpapan Selatan,68.0,256,SHM,Unfurnished,3,2,2200,1
600000,Balikpapan Utara,90.0,120,SHM,Unfurnished,3,2,1300,1
2250000,Balikpapan Selatan,155.0,210,SHM,Unfurnished,4,5,3500,1
4500000,Balikpapan Selatan,199.0,356,SHM,Unfurnished,4,2,5500,1
10000000,Balikpapan Selatan,998.0,826,SHM,Unfurnished,4,5,4400,2
6500000,Balikpapan Selatan,400.0,500,SHM,Unfurnished,5,4,5500,1
1100000,Balikpapan Selatan,100.0,150,SHM,Unfurnished,3,2,1300,1
1100000,Balikpapan Selatan,100.0,162,SHM,Unfurnished,2,2,1300,1
5000000,Balikpapan Baru,350.0,612,SHM,Unfurnished,6,4,5500,1
700000,Balikpapan Utara,90.0,200,SHM,Unfurnished,3,2,1300,1
1000000,Balikpapan Tengah,200.0,200,SHM,Unfurnished,4,3,2200,1
10000000,Balikpapan Tengah,250.0,307,SHM,Semi-furnished,8,3,3500,1
4500000,Balikpapan Selatan,400.0,600,SHM,Unfurnished,4,4,5500,1
295000,Balikpapan Timur,36.0,120,SHM,Unfurnished,2,1,1300,1
800000,Balikpapan Utara,120.0,96,SHM,Unfurnished,2,2,1300,2
4000000,Balikpapan Tengah,300.0,427,SHM,Unfurnished,5,2,2200,1
700000,Balikpapan Selatan,210.0,120,SHM,Unfurnished,3,3,900,2
950000,Balikpapan Utara,218.0,218,SHM,Unfurnished,4,2,1300,1
1500000,Balikpapan Utara,177.0,268,HGB,Unfurnished,3,3,2200,1
900000,Balikpapan Timur,72.0,191,SHM,Unfurnished,2,2,2200,1
390000,Balikpapan Selatan,120.0,120,SHM,Unfurnished,2,1,1300,1
450000,Balikpapan Utara,110.0,118,SHM,Unfurnished,3,1,2200,1
1700000,Balikpapan Utara,172.0,155,SHM,Unfurnished,5,2,2200,2
2800000,Balikpapan Tengah,136.0,733,SHM,Unfurnished,3,2,2200,1
6500000,Balikpapan Selatan,300.0,1407,HGB,Unfurnished,4,4,10000,1
6800000,Balikpapan Kota,298.0,435,SHM,Unfurnished,7,3,10600,1
980000,Balikpapan Tengah,125.0,120,SHM,Unfurnished,3,2,2200,2
4100000,Balikpapan Kota,460.0,318,SHM,Unfurnished,5,3,2200,2
1290000,Balikpapan Selatan,240.0,240,SHM,Unfurnished,3,2,2200,1
2200000,Balikpapan Selatan,300.0,360,SHM,Unfurnished,4,2,2200,1
1500000,Balikpapan Utara,200.0,200,SHM,Unfurnished,4,2,3500,1
1300000,Balikpapan Utara,110.0,144,SHM,Unfurnished,3,1,1300,1
900000,Balikpapan Selatan,100.0,178,SHM,Unfurnished,5,2,1300,1
3000000,Balikpapan Kota,74.0,240,SHM,Unfurnished,5,5,4400,1
1200000,Balikpapan Utara,175.0,195,HGB,Unfurnished,5,3,2200,1
600000,Balikpapan Utara,100.0,108,SHM,Unfurnished,3,1,1300,1
3800000,Balikpapan Utara,230.0,400,SHM,Unfurnished,4,3,1300,1
1400000,Balikpapan Barat,230.0,350,SHM,Unfurnished,7,3,3500,1
480000,Balikpapan Selatan,50.0,96,SHM,Unfurnished,2,1,1300,1
2500000,Balikpapan Selatan,300.0,150,SHM,Unfurnished,5,3,2200,2
1800000,Balikpapan Selatan,300.0,216,SHM,Unfurnished,4,2,3500,2
3500000,Balikpapan Selatan,320.0,230,SHM,Unfurnished,4,3,2200,2
1490000,Balikpapan Selatan,120.0,144,SHM,Unfurnished,3,2,2200,1
2000000,Balikpapan Kota,220.0,300,SHM,Unfurnished,4,3,5500,1
1600000,Balikpapan Selatan,135.0,160,SHM,Unfurnished,2,2,2200,1
1300000,Balikpapan Utara,172.0,320,SHM,Unfurnished,3,3,4400,1
750000,Balikpapan Selatan,180.0,120,SHM,Unfurnished,3,1,2200,2
1500000,Balikpapan Selatan,158.0,328,SHM,Unfurnished,3,2,2200,1
3800000,Balikpapan Selatan,250.0,200,SHM,Unfurnished,6,4,3500,2
1690000,Balikpapan Utara,60.0,250,SHM,Unfurnished,3,1,1300,1
1200000,Balikpapan Utara,120.0,180,SHM,Unfurnished,3,2,4400,1
4600000,Balikpapan Selatan,300.0,485,SHM,Unfurnished,3,2,6600,1
1500000,Balikpapan Kota,274.0,137,SHM,Unfurnished,5,3,3500,2
1600000,Balikpapan Selatan,176.0,210,SHM,Unfurnished,3,2,3500,1
1500000,Balikpapan Selatan,150.0,193,SHM,Unfurnished,5,4,4400,1
1200000,Balikpapan Timur,70.0,152,SHM,Unfurnished,3,2,2200,1
5250000,Balikpapan Selatan,350.0,500,SHM,Furnished,3,3,16500,1
5250000,Balikpapan Selatan,350.0,500,SHM,Unfurnished,3,3,16500,1
7000000,Balikpapan Selatan,380.0,190,SHM,Unfurnished,4,6,5500,2
1000000,Balikpapan Kota,174.0,150,SHM,Unfurnished,6,4,3500,2
800000,Balikpapan Selatan,90.0,120,SHM,Unfurnished,2,1,1300,1
2800000,Balikpapan Selatan,240.0,162,HGB,Unfurnished,3,3,3500,2
2900000,Balikpapan Selatan,240.0,140,SHM,Unfurnished,4,3,2200,2
900000,Balikpapan Utara,120.0,120,SHM,Unfurnished,2,2,2200,1
1200000,Balikpapan Tengah,150.0,165,SHM,Unfurnished,4,2,1300,1
470000,Balikpapan Utara,45.0,120,HGB,Unfurnished,2,1,1300,1
515000,Balikpapan Utara,45.0,96,SHM,Unfurnished,2,1,1300,1
1300000,Balikpapan Utara,350.0,230,SHM,Unfurnished,3,2,10000,2
3200000,Balikpapan Selatan,213.0,250,SHM,Semi-furnished,5,4,2200,1
900000,Balikpapan Selatan,90.0,189,SHM,Unfurnished,3,2,1300,1
2100000,Balikpapan Selatan,50.0,776,SHM,Unfurnished,3,1,900,1
1900000,Balikpapan Selatan,120.0,120,SHM,Unfurnished,4,2,2200,1
1200000,Balikpapan Selatan,85.0,136,SHM,Unfurnished,3,1,1300,1
2100000,Balikpapan Tengah,371.0,296,SHM,Unfurnished,3,2,4400,2
1550000,Balikpapan Selatan,91.0,168,SHM,Semi-furnished,4,3,2200,1
650000,Balikpapan Selatan,48.0,120,SHM,Unfurnished,2,1,1300,1
825000,Balikpapan Selatan,55.0,90,SHM,Unfurnished,2,1,2200,1
700000,Balikpapan Utara,130.0,150,SHM,Unfurnished,2,2,2200,1
1700000,Balikpapan Selatan,82.0,155,SHM,Unfurnished,3,2,4400,1
3200000,Balikpapan Selatan,155.0,200,SHM,Furnished,3,3,2200,1
1700000,Balikpapan Utara,150.0,180,SHM,Unfurnished,4,3,2200,1
2500000,Balikpapan Selatan,100.0,240,SHM,Unfurnished,3,2,1300,1
1900000,Balikpapan Utara,250.0,276,SHM,Unfurnished,4,4,3500,1
1800000,Balikpapan Utara,200.0,194,SHM,Unfurnished,3,3,2200,2
1750000,Balikpapan Selatan,150.0,180,SHM,Unfurnished,3,2,2200,1
1850000,Balikpapan Selatan,68.0,256,SHM,Unfurnished,3,2,2200,1
1500000,Balikpapan Utara,240.0,200,SHM,Unfurnished,6,4,1300,2
500000,Balikpapan Selatan,60.0,90,SHM,Unfurnished,2,2,1300,1
1700000,Balikpapan Kota,84.0,145,SHM,Unfurnished,3,2,2200,1
700000,Balikpapan Selatan,140.0,142,SHM,Unfurnished,3,1,1300,1
1300000,Balikpapan Utara,100.0,150,SHM,Furnished,2,2,4400,1
885000,Balikpapan Selatan,55.0,227,SHM,Unfurnished,2,1,4400,1
2500000,Balikpapan Selatan,225.0,198,SHM,Unfurnished,4,3,2200,2
1250000,Balikpapan Utara,121.0,395,SHM,Unfurnished,3,2,2200,1
430000,Balikpapan Utara,42.0,105,SHM,Unfurnished,2,1,1300,1
5500000,Balikpapan Baru,400.0,475,SHM,Unfurnished,4,2,5500,1
12000000,Balikpapan Selatan,560.0,420,SHM,Unfurnished,6,4,16500,2
1850000,Balikpapan Selatan,100.0,210,SHM,Unfurnished,3,2,1300,1
1050000,Balikpapan Selatan,60.0,90,SHM,Unfurnished,2,2,2200,1
1150000,Balikpapan Selatan,55.0,90,SHM,Unfurnished,2,1,2200,1
1450000,Balikpapan Selatan,105.0,121,SHM,Unfurnished,3,2,4400,1
1400000,Balikpapan Selatan,70.0,140,HGB,Unfurnished,3,2,2200,1
1200000,Balikpapan Selatan,70.0,120,HGB,Unfurnished,3,2,3500,1
960000,Balikpapan Selatan,60.0,90,HGB,Unfurnished,2,1,1300,1
1200000,Balikpapan Selatan,70.0,130,HGB,Semi-furnished,3,2,2200,1
3200000,Balikpapan Selatan,226.0,280,SHM,Unfurnished,5,5,4400,1
1700000,Balikpapan Tengah,150.0,200,SHM,Unfurnished,2,1,2200,1
725000,Balikpapan Utara,57.0,120,SHM,Unfurnished,2,1,2200,1
650000,Balikpapan Tengah,150.0,105,SHM,Unfurnished,4,2,1300,2
2300000,Balikpapan Utara,88.0,140,SHM,Unfurnished,3,3,2200,1
600000,Balikpapan Utara,44.0,104,SHM,Unfurnished,2,1,1300,1
1550000,Balikpapan Selatan,125.0,135,SHM,Unfurnished,8,3,2200,1
850000,Balikpapan Barat,77.0,165,SHM,Unfurnished,2,2,1300,1
450000,Balikpapan Selatan,90.0,72,SHM,Semi-furnished,2,1,1300,2
425000,Balikpapan Selatan,90.0,72,SHM,Unfurnished,2,1,1300,2
5650000,Balikpapan Utara,191.0,220,SHM,Unfurnished,3,4,3500,1
2200000,Balikpapan Utara,200.0,126,SHM,Unfurnished,4,3,2200,2
470000,Balikpapan Timur,42.0,91,HGB,Unfurnished,2,2,1300,1
2400000,Balikpapan Selatan,108.0,241,SHM,Unfurnished,3,3,5500,1
530000,Balikpapan Utara,90.0,100,SHM,Unfurnished,2,2,1300,1
4500000,Balikpapan Selatan,255.0,206,SHM,Unfurnished,5,4,2200,2
500000,Balikpapan Selatan,40.0,100,SHM,Unfurnished,2,1,900,1
2600000,Balikpapan Baru,298.0,200,SHM,Unfurnished,5,4,5500,2
1500000,Balikpapan Baru,93.0,120,SHM,Unfurnished,3,1,5500,1
520000,Balikpapan Selatan,144.0,72,SHM,Unfurnished,3,1,1300,2
983000,Balikpapan Selatan,70.0,75,HGB,Furnished,3,2,2200,1
2200000,Balikpapan Selatan,100.0,152,SHM,Furnished,3,2,3500,1
2950000,Balikpapan Selatan,300.0,244,HGB,Unfurnished,4,4,5500,2
925000,Balikpapan Utara,72.0,80,SHM,Unfurnished,3,2,2200,1
700000,Balikpapan Selatan,41.0,61,SHM,Unfurnished,2,2,1300,1
900000,Balikpapan Selatan,72.0,72,SHM,Unfurnished,3,2,1300,1
2300000,Balikpapan Baru,215.0,243,SHM,Unfurnished,5,4,4400,1
950000,Balikpapan Utara,90.0,174,HGB,Unfurnished,3,2,1300,1
7000000,Balikpapan Kota,270.0,320,SHM,Unfurnished,3,1,2200,1
2500000,Balikpapan Tengah,150.0,250,SHM,Unfurnished,2,2,2200,1
726000,Balikpapan Utara,90.0,157,SHM,Unfurnished,2,2,4400,1
2600000,Balikpapan Utara,250.0,250,SHM,Unfurnished,4,2,2200,1
2600000,Balikpapan Baru,100.0,400,SHM,Unfurnished,4,2,2200,1
2500000,Balikpapan Selatan,200.0,135,SHM,Unfurnished,4,3,3500,2
7500000,Balikpapan Baru,900.0,575,SHM,Unfurnished,6,4,13300,2
800000,Balikpapan Selatan,240.0,240,SHM,Unfurnished,2,1,2200,1
6000000,Balikpapan Selatan,700.0,700,SHM,Unfurnished,9,4,4400,1
850000,Balikpapan Utara,45.0,96,SHM,Unfurnished,2,1,1300,1
450000,Balikpapan Utara,48.0,108,SHM,Unfurnished,2,1,2200,1
1000000,Balikpapan Utara,150.0,180,SHM,Unfurnished,3,1,1300,1
700000,Balikpapan Selatan,60.0,72,SHM,Unfurnished,2,1,1300,1
395000,Balikpapan Utara,55.0,60,SHM,Furnished,2,1,1300,1
1500000,Balikpapan Utara,240.0,200,SHM,Unfurnished,6,4,2200,2
1900000,Balikpapan Tengah,263.0,283,SHM,Unfurnished,4,4,1300,1
1800000,Balikpapan Utara,160.0,186,SHM,Unfurnished,4,4,2200,1
1700000,Balikpapan Selatan,100.0,180,SHM,Unfurnished,4,3,2200,1
9500000,Balikpapan Baru,289.0,396,SHM,Unfurnished,4,4,5500,1
1000000,Balikpapan Utara,135.0,135,SHM,Unfurnished,2,2,3500,1
2500000,Balikpapan Kota,120.0,128,SHM,Unfurnished,6,2,2200,1
4000000,Balikpapan Baru,245.0,296,SHM,Unfurnished,4,4,5500,1
2200000,Balikpapan Selatan,160.0,220,SHM,Unfurnished,3,3,5500,1
600000,Balikpapan Selatan,72.0,144,SHM,Unfurnished,2,1,1300,1
1800000,Balikpapan Selatan,70.0,140,SHM,Unfurnished,3,2,2200,1
850000,Balikpapan Selatan,110.0,120,SHM,Unfurnished,3,2,1300,1
400000,Balikpapan Utara,39.0,96,HGB,Unfurnished,2,1,1300,1
231000,Balikpapan Utara,36.0,90,HGB,Unfurnished,2,1,1300,1
1400000,Balikpapan Baru,80.0,270,SHM,Unfurnished,2,2,3300,1
740000,Balikpapan Utara,100.0,120,SHM,Unfurnished,3,1,1300,1
650000,Balikpapan Utara,120.0,120,SHM,Unfurnished,2,2,1300,1
3500000,Balikpapan Utara,201.0,401,SHM,Unfurnished,5,4,2200,1
2500000,Balikpapan Selatan,80.0,176,SHM,Unfurnished,3,2,2200,1
1500000,Balikpapan Utara,200.0,200,SHM,Furnished,4,2,3500,1
995000,Balikpapan Selatan,60.0,180,SHM,Unfurnished,3,1,1300,1
1500000,Balikpapan Selatan,200.0,157,SHM,Unfurnished,4,3,2200,2
4700000,Balikpapan Utara,250.0,538,SHM,Unfurnished,5,4,3500,1
2500000,Balikpapan Selatan,80.0,178,SHM,Unfurnished,3,2,2200,1
1000000,Balikpapan Selatan,108.0,180,SHM,Unfurnished,3,2,900,1
2700000,Balikpapan Kota,120.0,200,HGB,Unfurnished,3,2,3500,1
400000,Balikpapan Selatan,30.0,60,SHM,Unfurnished,2,1,1300,1
950000,Balikpapan Selatan,75.0,128,SHM,Unfurnished,3,2,2200,1
1700000,Balikpapan Selatan,135.0,150,SHM,Unfurnished,3,2,3500,1
1300000,Balikpapan Utara,90.0,150,SHM,Unfurnished,3,2,2200,1
4200000,Balikpapan Utara,350.0,770,SHM,Unfurnished,5,6,3500,1
5500000,Balikpapan Selatan,250.0,500,SHM,Unfurnished,4,3,5500,1
3900000,Balikpapan Selatan,330.0,300,SHM,Unfurnished,4,4,13200,2
700000,Balikpapan Barat,70.0,208,SHM,Unfurnished,3,1,1300,1
3100000,Balikpapan Selatan,350.0,600,SHM,Unfurnished,5,1,2200,1
3800000,Balikpapan Selatan,230.0,322,SHM,Unfurnished,4,3,3500,1
1330000,Balikpapan Selatan,120.0,120,SHM,Unfurnished,3,2,3500,1
7750000,Balikpapan Selatan,500.0,380,SHM,Unfurnished,6,5,3500,2
4500000,Balikpapan Utara,550.0,550,SHM,Unfurnished,7,4,3500,1
4600000,Balikpapan Selatan,300.0,425,SHM,Unfurnished,5,4,3500,1
4500000,Balikpapan Selatan,300.0,250,SHM,Unfurnished,5,5,2200,2
12000000,Balikpapan Selatan,550.0,700,SHM,Unfurnished,5,4,5500,1
4200000,Balikpapan Utara,300.0,540,SHM,Unfurnished,5,4,3500,1
2200000,Balikpapan Selatan,200.0,403,SHM,Unfurnished,5,2,2200,1
1060000,Balikpapan Selatan,90.0,168,HGB,Unfurnished,3,2,1300,1
2640000,Balikpapan Selatan,200.0,130,SHM,Unfurnished,4,4,2200,2
3500000,Balikpapan Utara,490.0,319,SHM,Unfurnished,4,5,2200,2
700000,Balikpapan Tengah,120.0,144,SHM,Unfurnished,3,2,1300,1
1500000,Balikpapan Selatan,150.0,180,SHM,Unfurnished,3,2,1300,1
1010000,Balikpapan Utara,72.0,120,HGB,Unfurnished,4,2,2200,1
1850000,Balikpapan Tengah,260.0,135,SHM,Unfurnished,4,2,2200,2
2000000,Balikpapan Tengah,124.0,151,SHM,Unfurnished,3,3,2200,1
900000,Balikpapan Selatan,100.0,104,HGB,Unfurnished,4,2,1300,1
7500000,Balikpapan Selatan,800.0,450,SHM,Unfurnished,5,3,5500,2
3550000,Balikpapan Selatan,290.0,300,SHM,Unfurnished,6,4,2200,1
1750000,Balikpapan Utara,84.0,144,SHM,Unfurnished,3,1,1300,1
920000,Balikpapan Utara,60.0,150,SHM,Unfurnished,2,1,1300,1
4000000,Balikpapan Utara,287.0,319,SHM,Unfurnished,5,5,2200,1
1000000,Balikpapan Tengah,150.0,424,SHM,Unfurnished,4,3,2200,1
1700000,Balikpapan Utara,200.0,285,SHM,Unfurnished,3,2,2200,1
950000,Balikpapan Utara,180.0,201,SHM,Unfurnished,4,2,2200,1
1700000,Balikpapan Selatan,100.0,105,SHM,Unfurnished,3,2,3500,1
2700000,Balikpapan Selatan,224.0,500,HGB,Unfurnished,2,1,1300,1
2950000,Balikpapan Baru,289.0,300,SHM,Unfurnished,4,4,10600,1
1890000,Balikpapan Selatan,200.0,240,SHM,Unfurnished,5,3,22000,1
2800000,Balikpapan Selatan,226.0,280,SHM,Unfurnished,5,5,4400,1
4500000,Balikpapan Baru,300.0,330,SHM,Unfurnished,3,2,10000,1
1850000,Balikpapan Selatan,120.0,180,SHM,Unfurnished,3,2,2200,1
2100000,Balikpapan Utara,70.0,140,SHM,Unfurnished,3,3,2200,1
4500000,Balikpapan Baru,250.0,400,SHM,Unfurnished,4,3,3500,1
5500000,Balikpapan Baru,400.0,396,SHM,Unfurnished,5,4,5500,2
750000,Balikpapan Utara,200.0,144,SHM,Unfurnished,3,3,3500,2
850000,Balikpapan Selatan,88.0,88,SHM,Unfurnished,2,1,2200,1
1350000,Balikpapan Selatan,146.0,400,SHM,Unfurnished,4,3,2200,1
800000,Balikpapan Tengah,8.0,120,SHM,Unfurnished,4,2,1300,1
900000,Balikpapan Utara,98.0,250,HGB,Unfurnished,3,2,2200,1
800000,Balikpapan Selatan,77.0,200,SHM,Unfurnished,2,2,1300,1
2100000,Balikpapan Tengah,429.0,429,SHM,Furnished,8,6,5500,1
850000,Balikpapan Utara,64.0,184,SHM,Unfurnished,2,2,1300,1
850000,Balikpapan Selatan,54.0,90,SHM,Unfurnished,2,2,1300,1
875000,Balikpapan Selatan,120.0,180,SHM,Unfurnished,4,2,2200,1
1900000,Balikpapan Tengah,200.0,217,SHM,Unfurnished,6,4,2200,1
2000000,Balikpapan Selatan,150.0,200,SHM,Unfurnished,4,3,2200,1
2600000,Balikpapan Utara,150.0,528,SHM,Unfurnished,3,2,1300,1
1000000,Balikpapan Utara,86.0,208,SHM,Unfurnished,2,1,2200,1
800000,Balikpapan Tengah,122.0,142,SHM,Unfurnished,3,2,1300,1
560000,Balikpapan Utara,130.0,234,SHM,Unfurnished,3,2,900,1
750000,Balikpapan Selatan,120.0,120,SHM,Unfurnished,4,3,2200,1
975000,Balikpapan Utara,160.0,396,SHM,Unfurnished,4,2,900,1
700000,Balikpapan Selatan,72.0,90,SHM,Unfurnished,3,1,1300,1
510000,Balikpapan Selatan,100.0,120,SHM,Unfurnished,3,2,2200,1
2650000,Balikpapan Selatan,250.0,600,SHM,Unfurnished,3,3,5500,1
2800000,Balikpapan Utara,201.0,401,SHM,Unfurnished,5,4,2200,1
2700000,Balikpapan Utara,200.0,144,SHM,Unfurnished,2,2,2200,2
1100000,Balikpapan Selatan,200.0,134,SHM,Unfurnished,3,2,3500,2
9000000,Balikpapan Selatan,400.0,780,SHM,Semi-furnished,3,3,16500,1
1500000,Balikpapan Timur,140.0,98,SHM,Semi-furnished,3,3,2200,2
695000,Balikpapan Utara,105.0,115,SHM,Unfurnished,2,1,2200,1
1800000,Balikpapan Utara,243.0,268,SHM,Unfurnished,6,3,2200,1
700000,Balikpapan Selatan,72.0,90,SHM,Furnished,3,1,1300,1
5500000,Balikpapan Timur,347.0,234,SHM,Furnished,4,3,5500,2
1200000,Balikpapan Utara,47.0,60,SHM,Unfurnished,2,2,1300,1
1250000,Balikpapan Utara,47.0,60,SHM,Unfurnished,2,2,1300,1
800000,Balikpapan Utara,108.0,450,SHM,Furnished,3,3,1300,1
2000000,Balikpapan Tengah,400.0,300,SHM,Unfurnished,5,3,3500,2
1250000,Balikpapan Selatan,130.0,150,SHM,Unfurnished,3,2,2200,1
700000,Balikpapan Barat,60.0,150,SHM,Unfurnished,2,1,900,1
2500000,Balikpapan Selatan,130.0,152,SHM,Unfurnished,5,4,2200,1
4500000,Balikpapan Barat,444.0,480,SHM,Unfurnished,6,5,5500,1
1500000,Balikpapan Selatan,230.0,120,SHM,Unfurnished,5,2,2200,2
4500000,Balikpapan Utara,190.0,220,SHM,Unfurnished,4,3,2200,1
2300000,Balikpapan Selatan,200.0,335,SHM,Unfurnished,3,2,2200,1
1350000,Balikpapan Utara,72.0,72,SHM,Unfurnished,3,2,1300,1
2100000,Balikpapan Tengah,429.0,429,SHM,Unfurnished,8,6,5500,1
1800000,Balikpapan Kota,130.0,195,SHM,Unfurnished,3,1,2200,1
2500000,Balikpapan Utara,250.0,307,SHM,Unfurnished,4,2,2200,1
400000,Balikpapan Timur,144.0,72,SHM,Unfurnished,2,1,900,2
700000,Balikpapan Selatan,130.0,100,SHM,Unfurnished,2,2,1300,2
600000,Balikpapan Selatan,130.0,150,SHM,Unfurnished,3,2,1300,1
950000,Balikpapan Selatan,200.0,180,SHM,Unfurnished,4,3,2200,2
4500000,Balikpapan Selatan,210.0,400,SHM,Unfurnished,4,3,5500,1
3200000,Balikpapan Kota,226.0,280,SHM,Unfurnished,5,5,4400,1
600000,Balikpapan Selatan,50.0,118,SHM,Unfurnished,2,1,1300,1
675000,Balikpapan Selatan,120.0,72,HGB,Unfurnished,3,2,1300,2
400000,Balikpapan Selatan,72.0,72,SHM,Unfurnished,2,1,1300,1
2000000,Balikpapan Tengah,300.0,288,SHM,Unfurnished,4,3,2200,2
750000,Balikpapan Utara,80.0,150,SHM,Unfurnished,3,1,900,1
7500000,Balikpapan Tengah,120.0,545,SHM,Semi-furnished,2,1,1300,1
700000,Balikpapan Kota,152.0,76,SHM,Unfurnished,3,2,1300,2
1700000,Balikpapan Baru,200.0,156,SHM,Unfurnished,3,2,2200,2
1300000,Balikpapan Selatan,200.0,192,SHM,Unfurnished,5,4,1300,2
1100000,Balikpapan Selatan,100.0,102,SHM,Unfurnished,2,1,5500,1
1650000,Balikpapan Baru,100.0,200,SHM,Unfurnished,3,1,2200,1
1200000,Balikpapan Selatan,200.0,100,SHM,Unfurnished,3,2,1300,2
2200000,Balikpapan Tengah,240.0,176,SHM,Unfurnished,7,7,2200,2
1900000,Balikpapan Selatan,120.0,214,SHM,Unfurnished,4,3,3500,1
925000,Balikpapan Selatan,60.0,92,SHM,Unfurnished,2,1,1300,1
1970000,Balikpapan Baru,110.0,162,SHM,Unfurnished,3,2,5500,1
1200000,Balikpapan Baru,90.0,140,SHM,Unfurnished,2,2,2200,1
405000,Balikpapan Utara,45.0,96,SHM,Unfurnished,2,1,1300,1
4250000,Balikpapan Utara,350.0,770,SHM,Unfurnished,5,6,4400,1
1000000,Balikpapan Timur,120.0,135,SHM,Unfurnished,8,4,900,1
3100000,Balikpapan Utara,200.0,922,SHM,Unfurnished,5,4,2200,1
650000,Balikpapan Selatan,36.0,60,HGB,Unfurnished,2,1,1300,1
2300000,Balikpapan Timur,200.0,405,SHM,Unfurnished,4,2,2200,1
950000,Balikpapan Utara,90.0,174,SHM,Unfurnished,3,2,1300,1
3800000,Balikpapan Baru,300.0,200,SHM,Unfurnished,4,3,5500,2
620000,Balikpapan Selatan,78.0,96,SHM,Unfurnished,3,1,1300,1
4600000,Balikpapan Baru,575.0,400,SHM,Unfurnished,3,2,16500,2
700000,Balikpapan Selatan,60.0,120,SHM,Unfurnished,2,2,1300,1
1300000,Balikpapan Baru,81.0,130,SHM,Unfurnished,2,1,1300,1
1500000,Balikpapan Selatan,280.0,287,SHM,Unfurnished,3,3,2200,1
6000000,Balikpapan Selatan,410.0,238,SHM,Unfurnished,8,7,6600,2
900000,Balikpapan Selatan,40.0,70,SHM,Unfurnished,2,1,9500,1
900000,Balikpapan Selatan,45.0,127,SHM,Unfurnished,2,1,1300,1
1200000,Balikpapan Tengah,206.0,171,SHM,Unfurnished,7,2,1300,2
1650000,Balikpapan Utara,100.0,260,SHM,Unfurnished,3,1,2200,1
550000,Balikpapan Kota,40.0,40,SHM,Unfurnished,5,3,1300,1
1500000,Balikpapan Timur,100.0,130,SHM,Unfurnished,3,2,2200,1
825000,Balikpapan Utara,80.0,113,SHM,Unfurnished,2,1,2200,1
400000,Balikpapan Selatan,36.0,72,HGB,Unfurnished,2,1,1300,1
730000,Balikpapan Timur,43.0,105,HGB,Unfurnished,2,1,1300,1
760000,Balikpapan Utara,205.0,149,SHM,Unfurnished,3,2,2200,2
950000,Balikpapan Selatan,184.0,150,SHM,Unfurnished,4,4,1300,2
4700000,Balikpapan Selatan,300.0,330,SHM,Unfurnished,5,3,10000,1
1800000,Balikpapan Selatan,239.0,150,SHM,Unfurnished,5,2,2200,2
1050000,Balikpapan Utara,90.0,236,SHM,Unfurnished,3,2,2200,1
950000,Balikpapan Selatan,168.0,168,SHM,Unfurnished,3,2,1300,1
1700000,Balikpapan Selatan,207.0,144,SHM,Unfurnished,5,3,2200,2
2800000,Balikpapan Kota,120.0,240,SHM,Unfurnished,3,2,2200,1
1400000,Balikpapan Utara,162.0,231,SHM,Unfurnished,6,4,2200,1
250000,Balikpapan Utara,36.0,180,HGB,Unfurnished,1,1,900,1
690000,Balikpapan Kota,180.0,90,SHM,Unfurnished,3,2,1300,2
350000,Balikpapan Tengah,78.0,171,SHM,Unfurnished,3,1,1300,1
950000,Balikpapan Utara,120.0,160,SHM,Unfurnished,3,2,1300,1
3500000,Balikpapan Selatan,250.0,150,SHM,Unfurnished,4,3,4400,2
600000,Balikpapan Selatan,98.0,400,SHM,Unfurnished,2,1,900,1
1800000,Balikpapan Tengah,300.0,150,SHM,Unfurnished,5,3,3500,2
1600000,Balikpapan Selatan,150.0,180,SHM,Semi-furnished,3,2,4400,1
350000,Balikpapan Utara,40.0,90,SHM,Unfurnished,2,1,1300,1
975000,Balikpapan Selatan,160.0,150,SHM,Unfurnished,4,2,1300,2
4800000,Balikpapan Selatan,400.0,396,SHM,Unfurnished,5,3,5500,2
2300000,Balikpapan Tengah,171.0,200,SHM,Unfurnished,3,3,2200,1
1100000,Balikpapan Tengah,100.0,144,SHM,Unfurnished,4,2,2200,1
1750000,Balikpapan Selatan,200.0,158,SHM,Unfurnished,4,2,2200,2
3590000,Balikpapan Utara,230.0,298,SHM,Unfurnished,5,4,3500,1
450000,Balikpapan Barat,100.0,150,SHM,Unfurnished,2,1,2200,1
3900000,Balikpapan Baru,155.0,375,SHM,Unfurnished,3,3,4400,1
1500000,Balikpapan Selatan,60.0,90,SHM,Unfurnished,2,1,3500,1
4400000,Balikpapan Baru,102.0,342,SHM,Unfurnished,4,4,5500,1
2850000,Balikpapan Utara,400.0,401,SHM,Unfurnished,5,3,4400,1
4600000,Balikpapan Baru,300.0,330,SHM,Unfurnished,4,2,10000,1
1240000,Balikpapan Selatan,145.0,120,SHM,Semi-furnished,4,2,3500,2
1200000,Balikpapan Utara,47.0,78,SHM,Unfurnished,2,2,1300,1
500000,Balikpapan Timur,38.0,96,SHM,Unfurnished,2,1,1300,1
1350000,Balikpapan Selatan,85.0,150,SHM,Unfurnished,3,2,2200,1
1700000,Balikpapan Selatan,71.0,98,SHM,Unfurnished,3,3,2200,1
2200000,Balikpapan Selatan,320.0,160,HGB,Unfurnished,4,4,2200,2
5500000,Balikpapan Selatan,468.0,234,SHM,Unfurnished,5,3,6600,2
3250000,Balikpapan Selatan,298.0,160,SHM,Unfurnished,4,4,5500,2
450000,Balikpapan Utara,66.0,87,HGB,Unfurnished,2,2,1300,1
760000,Balikpapan Utara,100.0,120,SHM,Unfurnished,3,1,1300,1
5500000,Balikpapan Baru,311.0,248,HGB,Unfurnished,5,5,3500,2
2000000,Balikpapan Selatan,60.0,150,SHM,Unfurnished,2,1,4400,1
1990000,Balikpapan Selatan,288.0,399,HGB,Unfurnished,2,2,4400,1
949000,Balikpapan Utara,172.0,380,HGB,Furnished,3,1,4400,1
1010000,Balikpapan Tengah,196.0,306,HGB,Unfurnished,6,2,4400,1
825000,Balikpapan Utara,80.0,120,SHM,Unfurnished,3,2,2200,1
850000,Balikpapan Selatan,120.0,160,SHM,Unfurnished,2,1,1300,1
1500000,Balikpapan Timur,42.0,120,HGB,Unfurnished,4,2,2200,1
1050000,Balikpapan Tengah,100.0,240,SHM,Unfurnished,4,2,2200,1
810000,Balikpapan Selatan,132.0,132,SHM,Unfurnished,3,2,2200,1
2500000,Balikpapan Selatan,100.0,305,SHM,Unfurnished,3,2,2200,1
1160000,Balikpapan Selatan,100.0,168,HGB,Unfurnished,3,2,1300,1
1750000,Balikpapan Utara,88.0,98,SHM,Unfurnished,3,3,1300,1
1950000,Balikpapan Selatan,115.0,150,SHM,Unfurnished,3,3,2200,1
1500000,Balikpapan Selatan,160.0,144,SHM,Unfurnished,3,2,2200,2
1600000,Balikpapan Selatan,93.0,171,SHM,Unfurnished,3,2,1300,1
400000,Balikpapan Timur,100.0,108,HGB,Unfurnished,2,1,900,1
350000,Balikpapan Timur,90.0,96,HGB,Unfurnished,2,1,900,1
440000,Balikpapan Utara,45.0,96,SHM,Unfurnished,2,1,1300,1
5000000,Balikpapan Baru,600.0,200,SHM,Unfurnished,4,2,5500,2
750000,Balikpapan Selatan,45.0,84,SHM,Unfurnished,2,1,2200,1
1600000,Balikpapan Selatan,96.0,96,SHM,Unfurnished,3,2,1300,1
750000,Balikpapan Selatan,45.0,135,SHM,Unfurnished,2,1,900,1
415000,Balikpapan Utara,45.0,96,SHM,Unfurnished,2,1,1300,1
2100000,Balikpapan Selatan,145.0,168,SHM,Unfurnished,2,2,2200,1
1800000,Balikpapan Selatan,130.0,195,SHM,Unfurnished,4,3,2200,1
900000,Balikpapan Tengah,200.0,256,SHM,Unfurnished,4,4,3500,1
4200000,Balikpapan Selatan,140.0,817,SHM,Unfurnished,3,1,3500,1
3800000,Balikpapan Selatan,234.0,135,SHM,Unfurnished,5,3,1300,2
700000,Balikpapan Selatan,78.0,135,SHM,Unfurnished,2,1,1300,1
950000,Balikpapan Utara,280.0,140,SHM,Unfurnished,4,2,1300,2
1950000,Balikpapan Selatan,165.0,155,SHM,Unfurnished,3,2,2200,2
2500000,Balikpapan Selatan,200.0,200,SHM,Unfurnished,5,3,4400,1
370000,Balikpapan Tengah,90.0,137,SHM,Semi-furnished,2,2,2200,1
1200000,Balikpapan Timur,150.0,260,SHM,Unfurnished,4,2,4400,1
900000,Balikpapan Selatan,100.0,120,SHM,Furnished,3,2,2200,1
2250000,Balikpapan Selatan,250.0,204,SHM,Unfurnished,4,4,2200,2
850000,Balikpapan Timur,170.0,170,HGB,Unfurnished,2,1,2200,1
1550000,Balikpapan Selatan,50.0,94,SHM,Unfurnished,3,3,2200,1
1500000,Balikpapan Selatan,145.0,120,SHM,Unfurnished,4,2,3500,2
2300000,Balikpapan Selatan,251.0,306,SHM,Unfurnished,4,2,2200,1
975000,Balikpapan Selatan,70.0,120,SHM,Unfurnished,3,1,2200,1
680000,Balikpapan Utara,70.0,163,HGB,Semi-furnished,2,1,2200,1
2500000,Balikpapan Utara,350.0,381,HGB,Unfurnished,2,1,2200,1
1300000,Balikpapan Kota,120.0,120,HGB,Unfurnished,2,2,2200,1
3600000,Balikpapan Utara,191.0,220,HGB,Furnished,3,3,4400,1
1200000,Balikpapan Selatan,105.0,96,SHM,Furnished,4,2,1300,2
2500000,Balikpapan Utara,200.0,400,SHM,Unfurnished,4,2,2200,1
1250000,Balikpapan Utara,148.0,90,SHM,Unfurnished,4,2,3500,2
6000000,Balikpapan Baru,400.0,561,SHM,Semi-furnished,2,3,3500,1
4200000,Balikpapan Tengah,252.0,373,SHM,Unfurnished,4,3,2200,1
3000000,Balikpapan Utara,300.0,954,SHM,Furnished,4,2,2200,1
3800000,Balikpapan Selatan,199.0,356,SHM,Unfurnished,4,4,5500,1
490000,Balikpapan Tengah,201.0,201,SHM,Unfurnished,3,2,1300,1
650000,Balikpapan Barat,110.0,156,SHM,Unfurnished,2,1,1300,1
1500000,Balikpapan Selatan,200.0,165,SHM,Unfurnished,4,3,5500,2
1200000,Balikpapan Timur,120.0,135,SHM,Unfurnished,8,4,900,1
900000,Balikpapan Selatan,150.0,147,SHM,Unfurnished,3,1,2200,2
1800000,Balikpapan Selatan,100.0,248,SHM,Unfurnished,3,2,2200,1
6000000,Balikpapan Selatan,400.0,619,SHM,Unfurnished,8,3,1300,1
1200000,Balikpapan Selatan,90.0,216,SHM,Unfurnished,2,2,1300,1
2120000,Balikpapan Utara,146.0,190,HGB,Unfurnished,4,4,2200,1
1280000,Balikpapan Utara,120.0,155,HGB,Unfurnished,3,3,2200,1
1800000,Balikpapan Utara,88.0,105,HGB,Unfurnished,3,3,2200,1
2300000,Balikpapan Utara,117.0,128,HGB,Unfurnished,3,4,2200,1
3500000,Balikpapan Utara,172.0,200,HGB,Unfurnished,5,5,2200,1
1050000,Balikpapan Selatan,90.0,90,SHM,Unfurnished,3,2,2200,1
725000,Balikpapan Utara,45.0,84,HGB,Unfurnished,2,1,2200,1
500000,Balikpapan Tengah,70.0,87,SHM,Unfurnished,2,1,1300,1
1720000,Balikpapan Selatan,74.0,72,HGB,Unfurnished,3,2,2200,2
1200000,Balikpapan Timur,90.0,120,SHM,Unfurnished,3,2,2200,1
200000,Balikpapan Selatan,36.0,190,HGB,Unfurnished,2,1,1300,1
950000,Balikpapan Tengah,120.0,180,HGB,Unfurnished,3,2,2200,1
600000,Balikpapan Utara,100.0,156,SHM,Unfurnished,2,1,2200,1
2500000,Balikpapan Selatan,116.0,240,HGB,Unfurnished,4,3,1300,1
620000,Balikpapan Tengah,42.0,78,HGB,Unfurnished,3,1,5500,1
675000,Balikpapan Tengah,145.0,157,SHM,Unfurnished,5,2,900,1
4500000,Balikpapan Selatan,320.0,440,SHM,Unfurnished,3,2,6600,1
580000,Balikpapan Tengah,36.0,72,HGB,Unfurnished,2,1,1300,1
1600000,Balikpapan Selatan,81.0,135,SHM,Unfurnished,3,2,5500,1
527000,Balikpapan Timur,45.0,90,HGB,Unfurnished,2,1,2200,1
980000,Balikpapan Selatan,121.0,395,SHM,Unfurnished,3,1,2200,1
2250000,Balikpapan Selatan,92.0,105,HGB,Unfurnished,3,1,2200,1
1750000,Balikpapan Barat,307.0,307,SHM,Unfurnished,2,2,2200,1
983000,Balikpapan Tengah,60.0,108,HGB,Unfurnished,3,3,1300,1
2270000,Balikpapan Selatan,150.0,220,SHM,Unfurnished,3,2,3500,1
2200000,Balikpapan Selatan,150.0,220,SHM,Furnished,3,2,3500,1
875000,Balikpapan Selatan,120.0,180,SHM,Unfurnished,3,2,2200,1
2650000,Balikpapan Selatan,300.0,292,SHM,Unfurnished,3,2,2200,2
2800000,Balikpapan Baru,298.0,200,SHM,Unfurnished,5,4,5500,2
1000000,Balikpapan Selatan,300.0,147,SHM,Unfurnished,3,1,2200,2
1350000,Balikpapan Selatan,184.0,287,SHM,Unfurnished,4,3,3500,1
3850000,Balikpapan Selatan,300.0,244,SHM,Semi-furnished,4,4,5500,2
1600000,Balikpapan Tengah,150.0,193,SHM,Unfurnished,5,4,2200,1
1050000,Balikpapan Kota,81.0,130,SHM,Unfurnished,2,1,1300,1
775000,Balikpapan Utara,65.0,72,HGB,Unfurnished,3,2,2200,1
1750000,Balikpapan Utara,79.0,126,SHM,Unfurnished,3,2,2200,1
1800000,Balikpapan Baru,200.0,156,SHM,Unfurnished,4,2,2200,2
550000,Balikpapan Utara,45.0,91,HGB,Unfurnished,2,1,1300,1
700000,Balikpapan Utara,80.0,91,HGB,Unfurnished,3,2,2200,1
4600000,Balikpapan Kota,240.0,300,SHM,Unfurnished,4,3,3500,1
2900000,Balikpapan Kota,220.0,300,SHM,Unfurnished,3,3,2200,1
4500000,Balikpapan Baru,220.0,400,SHM,Unfurnished,4,3,5500,1
2000000,Balikpapan Selatan,156.0,231,SHM,Unfurnished,3,3,2200,1
2700000,Balikpapan Baru,250.0,180,SHM,Unfurnished,4,3,2200,2
1800000,Balikpapan Utara,180.0,91,HGB,Unfurnished,4,3,4400,2
550000,Balikpapan Tengah,45.0,96,SHM,Unfurnished,2,1,1300,1
1800000,Balikpapan Selatan,150.0,404,SHM,Unfurnished,5,2,2200,1
1500000,Balikpapan Selatan,75.0,100,SHM,Unfurnished,5,4,4400,1
739000,Balikpapan Selatan,70.0,96,SHM,Unfurnished,2,2,2200,1
925000,Balikpapan Utara,77.0,80,SHM,Unfurnished,3,2,2200,1
1950000,Balikpapan Utara,135.0,235,SHM,Unfurnished,2,2,6600,1
1500000,Balikpapan Baru,96.0,100,SHM,Unfurnished,3,2,2200,1
2000000,Balikpapan Baru,170.0,140,SHM,Semi-furnished,4,3,3500,2
700000,Balikpapan Selatan,108.0,200,HGB,Unfurnished,3,2,900,1
1400000,Balikpapan Timur,91.0,105,SHM,Unfurnished,3,2,2200,1
1950000,Balikpapan Baru,104.0,96,SHM,Unfurnished,3,3,2200,2
1610000,Balikpapan Selatan,150.0,180,SHM,Unfurnished,3,2,4400,1
1600000,Balikpapan Timur,120.0,135,SHM,Unfurnished,8,4,3500,1
1600000,Balikpapan Baru,200.0,156,SHM,Unfurnished,4,2,2200,2
3300000,Balikpapan Utara,360.0,250,SHM,Unfurnished,4,4,2200,2
1400000,Balikpapan Selatan,72.0,72,SHM,Unfurnished,2,2,900,1
4500000,Balikpapan Tengah,260.0,300,SHM,Unfurnished,4,3,2200,1
3200000,Balikpapan Baru,240.0,200,SHM,Unfurnished,5,5,4400,2
2300000,Balikpapan Selatan,300.0,310,SHM,Unfurnished,5,3,7700,1
800000,Balikpapan Utara,90.0,165,SHM,Unfurnished,3,2,1300,1
6000000,Balikpapan Kota,600.0,375,SHM,Unfurnished,5,4,4400,2
11000000,Balikpapan Timur,458.0,358,SHM,Unfurnished,8,6,5500,2
1200000,Balikpapan Baru,120.0,250,SHM,Unfurnished,6,3,2200,1
4500000,Balikpapan Tengah,135.0,206,SHM,Unfurnished,7,7,2200,1
2700000,Balikpapan Baru,220.0,230,SHM,Unfurnished,6,4,2200,1
4400000,Balikpapan Tengah,160.0,625,SHM,Unfurnished,4,3,2200,1
2700000,Balikpapan Selatan,190.0,216,SHM,Unfurnished,3,3,5500,1
1900000,Balikpapan Tengah,180.0,96,SHM,Unfurnished,4,3,2200,2
3500000,Balikpapan Baru,250.0,240,SHM,Unfurnished,4,3,3500,2
3000000,Balikpapan Selatan,117.0,150,SHM,Unfurnished,3,2,2200,1
2200000,Balikpapan Timur,400.0,700,SHM,Unfurnished,4,2,5500,1
1300000,Balikpapan Selatan,120.0,120,SHM,Unfurnished,2,2,2200,1
1450000,Balikpapan Selatan,105.0,153,HGB,Unfurnished,3,3,1300,1
12000000,Balikpapan Utara,500.0,1270,SHM,Unfurnished,6,5,2200,1
430000,Balikpapan Kota,60.0,180,SHM,Unfurnished,3,1,1300,1
700000,Balikpapan Utara,120.0,120,SHM,Unfurnished,2,2,1300,1
750000,Balikpapan Utara,70.0,125,SHM,Unfurnished,2,2,1300,1
930000,Balikpapan Tengah,54.0,90,SHM,Unfurnished,3,2,1300,1
450000,Balikpapan Timur,74.0,74,SHM,Unfurnished,4,2,2200,1
1200000,Balikpapan Selatan,100.0,144,SHM,Unfurnished,4,2,1300,1
1200000,Balikpapan Timur,90.0,180,SHM,Unfurnished,4,3,2200,1
595000,Balikpapan Timur,45.0,108,SHM,Unfurnished,2,1,1300,1
650000,Balikpapan Selatan,120.0,150,SHM,Unfurnished,4,3,2200,1
1000000,Balikpapan Selatan,96.0,120,SHM,Unfurnished,2,1,3500,1
2400000,Balikpapan Kota,74.0,375,SHM,Unfurnished,3,1,1300,1
600000,Balikpapan Selatan,100.0,105,SHM,Unfurnished,2,1,1300,1
3650000,Balikpapan Selatan,256.0,288,SHM,Unfurnished,3,2,5500,1
1200000,Balikpapan Selatan,184.0,300,SHM,Unfurnished,4,3,2200,1
1650000,Balikpapan Selatan,130.0,152,SHM,Unfurnished,5,4,2200,1
1200000,Balikpapan Selatan,70.0,120,HGB,Unfurnished,4,2,2200,1
485000,Balikpapan Utara,45.0,96,SHM,Unfurnished,2,1,1300,1
548000,Balikpapan Selatan,45.0,165,SHM,Unfurnished,2,1,1300,1
6500000,Balikpapan Tengah,200.0,156,SHM,Unfurnished,4,4,3300,2
1500000,Balikpapan Timur,91.0,105,SHM,Unfurnished,3,2,2200,1
1500000,Balikpapan Utara,47.0,72,SHM,Unfurnished,2,1,2200,1
600000,Balikpapan Utara,70.0,90,SHM,Furnished,2,1,1300,1
2100000,Balikpapan Selatan,231.0,231,SHM,Semi-furnished,3,3,2200,1
1750000,Balikpapan Selatan,100.0,212,SHM,Unfurnished,2,1,2200,1
1800000,Balikpapan Selatan,100.0,190,SHM,Unfurnished,5,5,3500,1
5500000,Balikpapan Tengah,600.0,620,SHM,Unfurnished,3,3,9500,1
850000,Balikpapan Utara,100.0,150,SHM,Unfurnished,3,2,1300,1
585000,Balikpapan Selatan,36.0,87,HGB,Unfurnished,2,1,1300,1
4500000,Balikpapan Selatan,400.0,389,SHM,Unfurnished,3,3,4400,2
550000,Balikpapan Selatan,72.0,72,SHM,Unfurnished,2,1,1300,1
2500000,Balikpapan Baru,119.0,180,SHM,Unfurnished,3,2,2200,1
3500000,Balikpapan Selatan,298.0,160,SHM,Unfurnished,4,4,5500,2
3500000,Balikpapan Selatan,300.0,300,SHM,Unfurnished,4,6,2200,1
1200000,Balikpapan Selatan,150.0,150,SHM,Unfurnished,3,1,2200,1
850000,Balikpapan Selatan,120.0,120,HGB,Unfurnished,3,2,1300,1
1800000,Balikpapan Utara,150.0,256,SHM,Unfurnished,3,3,2200,1
7500000,Balikpapan Baru,289.0,612,SHM,Unfurnished,6,6,5500,1
1880000,Balikpapan Utara,139.0,206,SHM,Unfurnished,4,2,3500,1
950000,Balikpapan Utara,110.0,120,SHM,Unfurnished,2,2,2200,1
1950000,Balikpapan Selatan,190.0,136,HGB,Unfurnished,3,2,1300,2
1150000,Balikpapan Selatan,79.0,151,SHM,Unfurnished,3,2,2200,1
3900000,Balikpapan Baru,170.0,235,SHM,Unfurnished,3,2,2200,1
650000,Balikpapan Selatan,54.0,72,SHM,Unfurnished,3,2,4400,1
2420000,Balikpapan Tengah,225.0,354,SHM,Furnished,4,3,4400,1
650000,Balikpapan Tengah,45.0,96,SHM,Unfurnished,2,1,1300,1
1650000,Balikpapan Baru,200.0,216,SHM,Unfurnished,3,2,900,1
795000,Balikpapan Selatan,56.0,84,SHM,Unfurnished,3,2,2200,1
700000,Balikpapan Selatan,45.0,85,HGB,Unfurnished,2,1,1300,1
1200000,Balikpapan Selatan,120.0,158,SHM,Unfurnished,3,2,2200,1
1500000,Balikpapan Selatan,60.0,180,SHM,Unfurnished,3,2,2200,1
1800000,Balikpapan Utara,308.0,300,SHM,Unfurnished,5,4,4400,2
1300000,Balikpapan Timur,122.0,112,SHM,Unfurnished,2,2,2200,2
1000000,Balikpapan Utara,100.0,162,SHM,Unfurnished,4,2,2200,1
950000,Balikpapan Utara,150.0,210,HGB,Unfurnished,4,2,2200,1
673000,Balikpapan Tengah,42.0,78,SHM,Furnished,3,1,1300,1
1200000,Balikpapan Selatan,90.0,120,HGB,Unfurnished,2,1,1300,1
900000,Balikpapan Selatan,60.0,91,SHM,Unfurnished,2,1,1300,1
1250000,Balikpapan Utara,98.0,210,SHM,Unfurnished,3,2,900,1
2800000,Balikpapan Selatan,92.0,126,SHM,Unfurnished,3,3,2200,1
1100000,Balikpapan Selatan,120.0,120,SHM,Unfurnished,3,3,2200,1
2800000,Balikpapan Utara,225.0,311,SHM,Unfurnished,3,2,3500,1
1650000,Balikpapan Utara,246.0,250,SHM,Unfurnished,6,2,2200,1
850000,Balikpapan Kota,135.0,125,SHM,Unfurnished,3,3,2200,2
800000,Balikpapan Selatan,125.0,130,SHM,Unfurnished,3,2,2200,1
850000,Balikpapan Selatan,160.0,180,HGB,Unfurnished,3,2,1300,1
1750000,Balikpapan Selatan,280.0,300,SHM,Unfurnished,5,2,3500,1
1350000,Balikpapan Timur,320.0,350,SHM,Unfurnished,4,5,2200,1
1250000,Balikpapan Selatan,100.0,144,SHM,Unfurnished,4,2,1300,1
900000,Balikpapan Selatan,100.0,163,SHM,Unfurnished,4,2,1300,1
1100000,Balikpapan Timur,120.0,135,SHM,Unfurnished,8,4,3500,1
3400000,Balikpapan Tengah,220.0,305,SHM,Unfurnished,3,2,1300,1
975000,Balikpapan Utara,47.0,60,SHM,Unfurnished,2,2,2200,1
1250000,Balikpapan Utara,47.0,60,SHM,Unfurnished,2,2,2200,1
700000,Balikpapan Selatan,60.0,90,SHM,Unfurnished,2,1,1300,1
500000,Balikpapan Selatan,42.0,84,HGB,Unfurnished,2,1,1300,1
2200000,Balikpapan Selatan,200.0,160,SHM,Unfurnished,4,4,2200,2
3950000,Balikpapan Utara,200.0,180,SHM,Unfurnished,3,3,5500,2
3950000,Balikpapan Utara,200.0,180,SHM,Semi-furnished,3,3,5500,2
1750000,Balikpapan Selatan,65.0,249,SHM,Unfurnished,3,2,3500,1
3500000,Balikpapan Selatan,100.0,330,SHM,Unfurnished,5,3,2200,1
3100000,Balikpapan Selatan,130.0,389,SHM,Semi-furnished,5,3,2200,1
1500000,Balikpapan Selatan,100.0,152,SHM,Unfurnished,3,2,7600,1
850000,Balikpapan Utara,60.0,90,SHM,Semi-furnished,2,2,2200,1
3500000,Balikpapan Utara,319.0,319,SHM,Unfurnished,4,5,4400,1
450000,Balikpapan Utara,45.0,120,HGB,Unfurnished,2,1,1300,1
450000,Balikpapan Utara,45.0,120,HGB,Semi-furnished,2,1,1300,1
950000,Balikpapan Selatan,270.0,330,SHM,Unfurnished,4,2,3500,1
600000,Balikpapan Timur,182.0,182,SHM,Unfurnished,3,2,900,1
3500000,Balikpapan Selatan,250.0,300,SHM,Unfurnished,3,3,3500,1
1450000,Balikpapan Tengah,300.0,215,SHM,Unfurnished,6,4,2200,2
1200000,Balikpapan Utara,125.0,120,SHM,Unfurnished,3,2,2200,2
1700000,Balikpapan Baru,150.0,230,SHM,Unfurnished,5,2,2200,1
450000,Balikpapan Selatan,65.0,102,HGB,Unfurnished,2,1,900,1
525000,Balikpapan Selatan,48.0,72,SHM,Unfurnished,2,1,1300,1
1900000,Balikpapan Selatan,250.0,180,HGB,Unfurnished,4,3,2200,2
570000,Balikpapan Selatan,100.0,100,SHM,Unfurnished,3,2,1300,1
470000,Balikpapan Utara,36.0,84,SHM,Unfurnished,2,1,1300,1
1700000,Balikpapan Selatan,207.0,144,SHM,Unfurnished,5,3,4400,2
2500000,Balikpapan Baru,160.0,200,HGB,Unfurnished,3,3,2200,1
4500000,Balikpapan Baru,204.0,342,SHM,Unfurnished,4,4,5500,1
750000,Balikpapan Selatan,120.0,130,SHM,Unfurnished,3,2,2200,1
2000000,Balikpapan Utara,270.0,210,SHM,Unfurnished,6,3,2200,2
920000,Balikpapan Selatan,80.0,60,HGB,Unfurnished,3,3,2200,2
1650000,Balikpapan Selatan,105.0,121,SHM,Unfurnished,3,2,4400,1
800000,Balikpapan Selatan,144.0,150,SHM,Unfurnished,2,1,1300,1
2200000,Balikpapan Utara,300.0,200,SHM,Semi-furnished,3,2,2200,2
2500000,Balikpapan Tengah,350.0,435,SHM,Furnished,3,2,2200,1
3990000,Balikpapan Tengah,199.0,356,HGB,Unfurnished,4,4,3500,1
1700000,Balikpapan Utara,141.0,160,SHM,Unfurnished,3,2,2200,1
1190000,Balikpapan Selatan,60.0,122,SHM,Semi-furnished,2,1,5500,1
2100000,Balikpapan Tengah,263.0,286,SHM,Unfurnished,4,4,2200,1
1000000,Balikpapan Utara,190.0,210,SHM,Unfurnished,3,2,2200,1
1690000,Balikpapan Utara,100.0,120,SHM,Unfurnished,3,3,2200,1
650000,Balikpapan Selatan,36.0,72,SHM,Unfurnished,2,2,1300,1
895000,Balikpapan Tengah,240.0,325,SHM,Unfurnished,4,2,1300,1
1200000,Balikpapan Utara,56.0,112,SHM,Unfurnished,2,2,2200,1
1600000,Balikpapan Baru,68.0,216,HGB,Unfurnished,3,3,2200,1
7000000,Balikpapan Kota,275.0,450,HGB,Unfurnished,4,3,4400,1
4500000,Balikpapan Baru,355.0,554,SHM,Unfurnished,3,2,4400,1
895000,Balikpapan Selatan,60.0,150,SHM,Unfurnished,2,1,1300,1
620000,Balikpapan Utara,60.0,165,SHM,Unfurnished,2,1,1300,1
7800000,Balikpapan Selatan,300.0,300,SHM,Unfurnished,6,4,10000,1
2300000,Balikpapan Selatan,200.0,288,SHM,Unfurnished,5,4,4400,1
1750000,Balikpapan Baru,100.0,96,SHM,Unfurnished,3,2,2200,2
2500000,Balikpapan Selatan,116.0,240,SHM,Unfurnished,3,2,1300,1
2500000,Balikpapan Baru,310.0,198,HGB,Unfurnished,3,4,2200,2
1800000,Balikpapan Utara,200.0,200,SHM,Unfurnished,3,2,2200,1
440000,Balikpapan Utara,45.0,120,SHM,Unfurnished,2,1,1300,1
1000000,Balikpapan Selatan,140.0,144,SHM,Unfurnished,2,1,1300,1
1600000,Balikpapan Baru,100.0,96,SHM,Unfurnished,3,2,2200,2
1550000,Balikpapan Utara,160.0,186,SHM,Unfurnished,4,3,2200,1
1530000,Balikpapan Selatan,200.0,380,SHM,Unfurnished,8,3,4400,1
5000000,Balikpapan Baru,200.0,400,SHM,Unfurnished,3,3,13200,1
1500000,Balikpapan Utara,85.0,136,SHM,Furnished,3,1,1300,1
1700000,Balikpapan Baru,170.0,240,SHM,Unfurnished,3,2,2200,1
3650000,Balikpapan Utara,200.0,319,SHM,Unfurnished,4,5,4400,1
850000,Balikpapan Utara,70.0,100,SHM,Unfurnished,3,1,2200,1
985000,Balikpapan Timur,176.0,200,SHM,Unfurnished,5,4,3500,1
985000,Balikpapan Utara,72.0,170,SHM,Unfurnished,3,2,5500,1
600000,Balikpapan Tengah,36.0,72,SHM,Unfurnished,2,1,1300,1
4500000,Balikpapan Selatan,260.0,300,SHM,Unfurnished,4,3,2200,1
2200000,Balikpapan Selatan,251.0,306,SHM,Unfurnished,4,3,2200,1
4000000,Balikpapan Tengah,160.0,625,SHM,Unfurnished,4,3,2200,1
3900000,Balikpapan Utara,350.0,770,SHM,Unfurnished,5,6,4400,1
2600000,Balikpapan Utara,225.0,311,SHM,Unfurnished,3,2,3500,1
1090000,Balikpapan Baru,174.0,150,SHM,Unfurnished,6,4,3500,2
1900000,Balikpapan Utara,276.0,650,SHM,Unfurnished,3,2,2200,1
950000,Balikpapan Tengah,66.0,72,SHM,Unfurnished,2,2,1300,1
800000,Balikpapan Selatan,60.0,90,HGB,Unfurnished,2,1,2200,1
4300000,Balikpapan Utara,400.0,610,SHM,Unfurnished,3,3,3500,1
1500000,Balikpapan Tengah,96.0,200,SHM,Unfurnished,3,1,1300,1
1750000,Balikpapan Selatan,36.0,175,SHM,Unfurnished,2,2,2200,1
385000,Balikpapan Selatan,36.0,72,HGB,Unfurnished,2,1,1300,1
1900000,Balikpapan Barat,500.0,900,SHM,Unfurnished,3,2,5500,1
790000,Balikpapan Utara,72.0,96,SHM,Unfurnished,2,1,1300,1
1300000,Balikpapan Utara,45.0,117,SHM,Unfurnished,2,1,1300,1
650000,Balikpapan Selatan,36.0,78,HGB,Unfurnished,2,1,1300,1
5500000,Balikpapan Selatan,400.0,665,SHM,Unfurnished,3,3,4400,1
750000,Balikpapan Selatan,120.0,120,HGB,Unfurnished,3,2,2200,1
1870000,Balikpapan Baru,230.0,150,SHM,Unfurnished,5,2,1300,2
1200000,Balikpapan Tengah,109.0,339,SHM,Furnished,8,4,5500,1
1950000,Balikpapan Baru,200.0,230,SHM,Furnished,4,2,2200,1
1620000,Balikpapan Selatan,65.0,163,SHM,Unfurnished,3,1,2200,1
1700000,Balikpapan Baru,198.0,198,SHM,Unfurnished,3,3,3500,1
700000,Balikpapan Selatan,84.0,96,SHM,Unfurnished,2,1,1300,1
4700000,Balikpapan Utara,310.0,475,SHM,Unfurnished,4,3,7700,1
2250000,Balikpapan Selatan,180.0,288,SHM,Unfurnished,5,4,3500,1
2500000,Balikpapan Tengah,320.0,200,HGB,Unfurnished,4,2,2200,2
1300000,Balikpapan Utara,84.0,144,SHM,Unfurnished,3,1,2200,1
700000,Balikpapan Utara,70.0,90,SHM,Unfurnished,2,1,1300,1
850000,Balikpapan Utara,70.0,125,SHM,Unfurnished,2,2,1300,1
3600000,Balikpapan Utara,356.0,358,SHM,Unfurnished,7,7,3500,1
6200000,Balikpapan Kota,398.0,557,SHM,Unfurnished,4,3,2200,1
1800000,Balikpapan Selatan,95.0,200,SHM,Unfurnished,3,2,2200,1
900000,Balikpapan Utara,100.0,78,SHM,Unfurnished,3,2,1300,2
350000,Balikpapan Selatan,45.0,78,SHM,Unfurnished,2,1,1300,1
1500000,Balikpapan Utara,274.0,137,SHM,Unfurnished,5,3,3500,2
4300000,Balikpapan Tengah,400.0,610,SHM,Unfurnished,3,3,10000,1
3000000,Balikpapan Selatan,250.0,300,SHM,Unfurnished,3,3,3500,1
1450000,Balikpapan Utara,130.0,200,SHM,Unfurnished,3,3,2200,1
1000000,Balikpapan Selatan,110.0,120,SHM,Unfurnished,2,1,3500,1
1300000,Balikpapan Utara,140.0,143,SHM,Unfurnished,2,3,2200,1
1800000,Balikpapan Utara,72.0,800,SHM,Unfurnished,3,1,1300,1
2250000,Balikpapan Tengah,225.0,200,SHM,Unfurnished,4,3,4400,2
10500000,Balikpapan Timur,458.0,358,SHM,Unfurnished,7,6,5500,2
600000,Balikpapan Selatan,49.0,72,SHM,Unfurnished,2,1,1300,1
600000,Balikpapan Selatan,49.0,136,SHM,Unfurnished,2,1,1300,1
2500000,Balikpapan Selatan,182.0,356,SHM,Unfurnished,3,3,6600,1
365000,Balikpapan Utara,40.0,90,HGB,Unfurnished,2,1,1300,1
1200000,Balikpapan Selatan,70.0,130,SHM,Unfurnished,3,2,2200,1
1200000,Balikpapan Utara,150.0,56,SHM,Unfurnished,3,2,2200,2
1400000,Balikpapan Selatan,50.0,120,SHM,Unfurnished,2,2,2200,1
500000,Balikpapan Selatan,48.0,180,SHM,Unfurnished,3,1,900,1
450000,Balikpapan Timur,70.0,72,SHM,Unfurnished,2,1,2200,1
950000,Balikpapan Utara,45.0,72,SHM,Unfurnished,2,2,1300,1
700000,Balikpapan Selatan,150.0,150,SHM,Unfurnished,3,2,2200,1
950000,Balikpapan Utara,210.0,210,SHM,Unfurnished,3,2,2200,1
1000000,Balikpapan Utara,150.0,150,SHM,Furnished,2,2,5500,1
1300000,Balikpapan Tengah,100.0,128,SHM,Unfurnished,3,2,1300,1
760000,Balikpapan Selatan,120.0,84,SHM,Unfurnished,4,1,2200,2
575000,Balikpapan Selatan,100.0,72,SHM,Unfurnished,2,1,1300,2
620000,Balikpapan Kota,153.0,153,SHM,Unfurnished,5,2,2200,1
700000,Balikpapan Selatan,72.0,90,SHM,Unfurnished,3,1,2200,1
360000,Balikpapan Utara,36.0,90,HGB,Unfurnished,2,1,1300,1
770000,Balikpapan Selatan,45.0,96,SHM,Unfurnished,2,1,2200,1
665000,Balikpapan Selatan,43.0,86,SHM,Unfurnished,2,1,1300,1
650000,Balikpapan Utara,90.0,90,SHM,Unfurnished,2,2,1300,1
1450000,Balikpapan Utara,200.0,211,SHM,Unfurnished,3,2,2200,1
870000,Balikpapan Utara,60.0,150,SHM,Unfurnished,2,1,1300,1
2500000,Balikpapan Selatan,180.0,135,SHM,Unfurnished,4,3,2200,2
3000000,Balikpapan Selatan,240.0,600,SHM,Unfurnished,5,1,2200,1
1900000,Balikpapan Selatan,120.0,230,SHM,Unfurnished,5,2,2200,1
1400000,Balikpapan Selatan,170.0,84,SHM,Unfurnished,3,2,1300,2
7200000,Balikpapan Selatan,700.0,320,SHM,Unfurnished,5,4,5500,2
5500000,Balikpapan Tengah,385.0,475,SHM,Unfurnished,4,4,7700,1
980000,Balikpapan Selatan,135.0,135,SHM,Unfurnished,2,2,900,1
410000,Balikpapan Utara,40.0,84,SHM,Unfurnished,2,1,1300,1
245000,Balikpapan Timur,36.0,72,HGB,Unfurnished,2,1,1300,1
7000000,Balikpapan Selatan,360.0,310,SHM,Unfurnished,5,4,5500,2
800000,Balikpapan Utara,60.0,147,SHM,Unfurnished,2,2,2200,1
2800000,Balikpapan Selatan,180.0,221,SHM,Unfurnished,4,2,5500,1
1250000,Balikpapan Selatan,115.0,120,SHM,Unfurnished,3,2,1300,1
2500000,Balikpapan Kota,160.0,160,HGB,Unfurnished,4,3,4400,1
775000,Balikpapan Kota,110.0,270,SHM,Unfurnished,3,1,1300,1
5100000,Balikpapan Utara,350.0,770,SHM,Unfurnished,5,6,19000,1
3300000,Balikpapan Selatan,120.0,180,HGB,Unfurnished,3,3,3500,1
2950000,Balikpapan Utara,289.0,300,SHM,Unfurnished,6,4,10600,1
250000,Balikpapan Utara,38.0,60,HGB,Unfurnished,2,1,1300,1
375000,Balikpapan Utara,50.0,70,HGB,Unfurnished,2,1,1300,1
1300000,Balikpapan Timur,108.0,135,SHM,Unfurnished,4,2,2200,1
1250000,Balikpapan Utara,100.0,144,SHM,Unfurnished,3,2,1300,1
650000,Balikpapan Selatan,54.0,91,SHM,Unfurnished,2,1,2200,1
799000,Balikpapan Tengah,135.0,125,SHM,Unfurnished,3,3,1300,2
4000000,Balikpapan Selatan,304.0,250,SHM,Unfurnished,5,5,5500,2
2500000,Balikpapan Selatan,116.0,240,HGB,Unfurnished,3,2,1300,1
1800000,Balikpapan Utara,120.0,170,HGB,Unfurnished,2,2,4400,1
2900000,Balikpapan Tengah,200.0,312,SHM,Unfurnished,5,2,2200,1
2400000,Balikpapan Tengah,288.0,288,SHM,Unfurnished,4,4,2200,1
2230000,Balikpapan Utara,117.0,120,HGB,Unfurnished,3,2,2200,1
1500000,Balikpapan Utara,200.0,220,SHM,Unfurnished,4,4,2200,1
700000,Balikpapan Selatan,60.0,96,SHM,Unfurnished,2,1,1300,1
3500000,Balikpapan Selatan,200.0,200,SHM,Unfurnished,4,3,5500,1
1010000,Balikpapan Tengah,60.0,108,SHM,Unfurnished,3,3,1300,1
600000,Balikpapan Utara,45.0,150,SHM,Unfurnished,2,1,1300,1
1100000,Balikpapan Selatan,120.0,120,SHM,Unfurnished,3,2,2200,1
7500000,Balikpapan Baru,300.0,300,SHM,Unfurnished,3,2,6600,1
850000,Balikpapan Utara,140.0,144,SHM,Unfurnished,3,3,3500,1
2750000,Balikpapan Baru,298.0,200,SHM,Unfurnished,5,4,6600,2
4500000,Balikpapan Baru,200.0,672,SHM,Unfurnished,6,6,4400,1
1000000,Balikpapan Selatan,120.0,150,SHM,Unfurnished,3,2,1300,1
750000,Balikpapan Utara,48.0,146,SHM,Unfurnished,2,1,3500,1
360000,Balikpapan Utara,90.0,120,SHM,Unfurnished,2,1,1300,1
750000,Balikpapan Tengah,120.0,144,SHM,Unfurnished,2,1,2200,1
4000000,Balikpapan Tengah,342.0,143,SHM,Unfurnished,6,3,5500,2
650000,Balikpapan Selatan,88.0,120,SHM,Unfurnished,2,1,2200,1
1130000,Balikpapan Utara,160.0,145,SHM,Unfurnished,4,2,4400,2
3690000,Balikpapan Selatan,230.0,400,SHM,Unfurnished,4,4,1300,1
3500000,Balikpapan Baru,275.0,198,SHM,Unfurnished,4,3,4400,2
1100000,Balikpapan Selatan,90.0,90,SHM,Unfurnished,3,2,2200,1
3750000,Balikpapan Selatan,250.0,350,SHM,Unfurnished,4,2,3500,1
4250000,Balikpapan Selatan,250.0,350,SHM,Unfurnished,4,2,3500,1
2100000,Balikpapan Utara,160.0,200,SHM,Unfurnished,3,2,2200,1
850000,Balikpapan Selatan,130.0,143,SHM,Unfurnished,3,2,2200,1
1050000,Balikpapan Selatan,178.0,200,SHM,Unfurnished,4,2,2200,1
475000,Balikpapan Selatan,70.0,92,SHM,Unfurnished,2,2,1300,1
3580000,Balikpapan Baru,250.0,240,SHM,Unfurnished,4,3,3500,2
2400000,Balikpapan Selatan,306.0,479,SHM,Unfurnished,6,5,2200,1
1600000,Balikpapan Utara,88.0,98,HGB,Unfurnished,3,3,2200,1
650000,Balikpapan Kota,200.0,153,SHM,Unfurnished,5,2,1300,2
1300000,Balikpapan Selatan,90.0,120,SHM,Semi-furnished,3,2,3500,1
950000,Balikpapan Selatan,80.0,112,SHM,Unfurnished,3,2,2200,1
1000000,Balikpapan Selatan,100.0,102,SHM,Unfurnished,2,1,5500,1
2400000,Balikpapan Selatan,180.0,277,SHM,Unfurnished,3,2,2200,1
1550000,Balikpapan Baru,144.0,112,SHM,Unfurnished,3,4,4400,2
1550000,Balikpapan Utara,64.0,112,SHM,Unfurnished,2,2,2200,1
1100000,Balikpapan Utara,145.0,160,SHM,Unfurnished,4,3,4400,1
6500000,Balikpapan Tengah,200.0,516,SHM,Semi-furnished,9,4,1300,1
2260000,Balikpapan Selatan,120.0,133,SHM,Semi-furnished,3,3,2200,1
1750000,Balikpapan Selatan,145.0,135,SHM,Semi-furnished,3,2,2200,2
2150000,Balikpapan Selatan,160.0,207,SHM,Unfurnished,3,3,5500,1
2500000,Balikpapan Selatan,450.0,150,SHM,Unfurnished,2,3,2200,2
750000,Balikpapan Utara,91.0,45,SHM,Unfurnished,2,1,1300,2
9200000,Balikpapan Utara,839.0,1320,SHM,Unfurnished,3,5,3500,1
675000,Balikpapan Selatan,45.0,90,SHM,Semi-furnished,2,1,1300,1
6000000,Balikpapan Selatan,360.0,360,SHM,Unfurnished,4,4,4400,1
585000,Balikpapan Tengah,36.0,72,HGB,Furnished,2,1,5500,1
1200000,Balikpapan Selatan,70.0,90,SHM,Unfurnished,3,2,2200,1
1800000,Balikpapan Selatan,90.0,216,SHM,Unfurnished,4,1,2200,1
2200000,Balikpapan Selatan,220.0,374,SHM,Furnished,4,3,6600,1
1700000,Balikpapan Utara,230.0,194,SHM,Unfurnished,4,3,1300,2
2500000,Balikpapan Selatan,400.0,745,SHM,Unfurnished,5,2,2200,1
1950000,Balikpapan Selatan,167.0,152,SHM,Unfurnished,3,2,2200,2
1250000,Balikpapan Utara,120.0,120,SHM,Unfurnished,2,2,2200,1
15000000,Balikpapan Selatan,600.0,827,SHM,Unfurnished,4,5,4400,1
2400000,Balikpapan Selatan,250.0,306,SHM,Unfurnished,4,3,2200,1
9000000,Balikpapan Selatan,300.0,570,SHM,Unfurnished,4,4,13200,1
1600000,Balikpapan Utara,240.0,180,SHM,Furnished,4,4,2200,2
2000000,Balikpapan Baru,130.0,172,SHM,Semi-furnished,2,2,2200,1
1000000,Balikpapan Selatan,170.0,170,SHM,Unfurnished,3,2,2200,1
586000,Balikpapan Kota,36.0,72,SHM,Unfurnished,2,1,1300,1
2000000,Balikpapan Utara,235.0,235,SHM,Unfurnished,2,2,3500,1
4000000,Balikpapan Kota,300.0,236,SHM,Unfurnished,4,4,2200,2
1550000,Balikpapan Utara,200.0,211,SHM,Unfurnished,4,2,2200,1
1600000,Balikpapan Utara,308.0,300,SHM,Unfurnished,4,3,2200,2
480000,Balikpapan Utara,45.0,120,HGB,Unfurnished,2,1,1300,1
550000,Balikpapan Selatan,60.0,72,SHM,Unfurnished,2,1,1300,1
4700000,Balikpapan Selatan,300.0,330,SHM,Unfurnished,4,2,10000,1
8500000,Balikpapan Baru,380.0,520,SHM,Semi-furnished,6,6,6600,1
1400000,Balikpapan Selatan,45.0,240,SHM,Unfurnished,3,2,2200,1
1650000,Balikpapan Baru,150.0,200,SHM,Furnished,3,2,2200,1
700000,Balikpapan Selatan,45.0,80,SHM,Unfurnished,2,1,1300,1
800000,Balikpapan Baru,45.0,90,SHM,Unfurnished,2,1,1300,1
1500000,Balikpapan Utara,130.0,200,SHM,Unfurnished,3,1,1300,1
1400000,Balikpapan Utara,120.0,210,SHM,Semi-furnished,4,2,1300,1
750000,Balikpapan Selatan,36.0,113,SHM,Unfurnished,2,1,3500,1
1200000,Balikpapan Selatan,72.0,162,SHM,Unfurnished,3,2,2200,1
4500000,Balikpapan Selatan,199.0,356,SHM,Semi-furnished,4,2,5500,1
800000,Balikpapan Selatan,105.0,105,SHM,Semi-furnished,3,1,1300,1
1800000,Balikpapan Selatan,300.0,326,SHM,Unfurnished,3,3,4400,1
2800000,Balikpapan Selatan,298.0,200,SHM,Unfurnished,5,4,5500,2
900000,Balikpapan Selatan,105.0,162,SHM,Unfurnished,3,2,1300,1
950000,Balikpapan Selatan,85.0,112,SHM,Semi-furnished,3,2,2200,1
545000,Balikpapan Timur,45.0,104,SHM,Unfurnished,2,1,1300,1
1600000,Balikpapan Tengah,128.0,120,SHM,Unfurnished,3,2,2200,2
1850000,Balikpapan Utara,300.0,215,SHM,Unfurnished,4,2,3500,2
150000,Balikpapan Timur,36.0,120,SHM,Unfurnished,2,1,900,1
2700000,Balikpapan Selatan,200.0,374,SHM,Unfurnished,3,3,6600,1
395000,Balikpapan Utara,45.0,72,SHM,Unfurnished,2,1,1300,1
2100000,Balikpapan Selatan,200.0,403,SHM,Unfurnished,5,2,2200,1
2300000,Balikpapan Baru,300.0,180,SHM,Unfurnished,3,2,2200,2
1500000,Balikpapan Baru,93.0,120,SHM,Unfurnished,3,2,2200,1
1200000,Balikpapan Baru,100.0,140,SHM,Unfurnished,2,1,2200,1
500000,Balikpapan Utara,100.0,120,SHM,Unfurnished,3,1,1300,1
2800000,Balikpapan Baru,155.0,320,SHM,Unfurnished,4,3,5500,1
750000,Balikpapan Selatan,115.0,84,SHM,Unfurnished,4,1,2200,2
650000,Balikpapan Selatan,48.0,120,SHM,Semi-furnished,2,1,1300,1
700000,Balikpapan Selatan,140.0,142,SHM,Furnished,3,1,1300,1
2500000,Balikpapan Kota,275.0,200,SHM,Unfurnished,4,2,2200,2
3600000,Balikpapan Baru,250.0,180,SHM,Unfurnished,4,3,2200,2
1900000,Balikpapan Tengah,300.0,214,SHM,Unfurnished,5,4,2200,2
1750000,Balikpapan Selatan,115.0,152,SHM,Unfurnished,3,2,2200,1
1500000,Balikpapan Kota,140.0,180,SHM,Unfurnished,2,2,1300,1
1200000,Balikpapan Tengah,200.0,181,SHM,Unfurnished,6,2,1300,2
3600000,Balikpapan Tengah,300.0,150,SHM,Unfurnished,4,2,2200,2
950000,Balikpapan Tengah,100.0,80,SHM,Unfurnished,2,2,2200,2
1300000,Balikpapan Utara,60.0,112,HGB,Unfurnished,2,1,5500,1
1900000,Balikpapan Baru,150.0,200,SHM,Semi-furnished,2,2,2200,1
1100000,Balikpapan Utara,86.0,208,SHM,Unfurnished,2,1,2200,1
1000000,Balikpapan Tengah,204.0,204,SHM,Unfurnished,4,3,2200,1
1500000,Balikpapan Selatan,207.0,144,SHM,Unfurnished,5,3,2200,2
1700000,Balikpapan Kota,130.0,195,SHM,Unfurnished,3,1,2200,1
522000,Balikpapan Selatan,173.0,164,HGB,Unfurnished,2,1,4400,2
770000,Balikpapan Tengah,210.0,174,HGB,Unfurnished,3,1,2200,2
952000,Balikpapan Utara,125.0,198,HGB,Unfurnished,3,1,2200,1
1600000,Balikpapan Tengah,64.0,165,SHM,Semi-furnished,3,2,1300,1
1200000,Balikpapan Selatan,45.0,150,HGB,Furnished,2,1,2200,1
950000,Balikpapan Kota,174.0,150,SHM,Unfurnished,6,4,3500,2
2800000,Balikpapan Selatan,281.0,160,SHM,Unfurnished,3,3,5500,2
895000,Balikpapan Selatan,60.0,98,SHM,Semi-furnished,2,1,1300,1
4950000,Balikpapan Selatan,340.0,412,SHM,Unfurnished,4,4,5500,1
1250000,Balikpapan Kota,100.0,120,SHM,Unfurnished,3,2,2200,1
1200000,Balikpapan Utara,130.0,120,SHM,Unfurnished,3,2,3500,2
875000,Balikpapan Utara,170.0,170,SHM,Unfurnished,3,4,3500,1
2300000,Balikpapan Selatan,156.0,234,SHM,Unfurnished,6,2,2200,1
675000,Balikpapan Utara,110.0,110,SHM,Unfurnished,2,1,1300,1
700000,Balikpapan Selatan,150.0,150,SHM,Unfurnished,2,2,2200,1
975000,Balikpapan Selatan,55.0,90,SHM,Unfurnished,2,1,2200,1
385000,Balikpapan Tengah,154.0,180,SHM,Unfurnished,3,2,900,1
5500000,Balikpapan Baru,200.0,400,SHM,Unfurnished,3,3,3500,1
1250000,Balikpapan Selatan,85.0,136,SHM,Unfurnished,3,1,1300,1
1650000,Balikpapan Utara,100.0,260,SHM,Unfurnished,3,2,2200,1
1700000,Balikpapan Baru,100.0,96,SHM,Unfurnished,3,2,2200,2
3500000,Balikpapan Utara,287.0,319,SHM,Unfurnished,5,5,2200,1
4000000,Balikpapan Utara,260.0,538,SHM,Furnished,5,2,3500,1
2850000,Balikpapan Kota,226.0,280,SHM,Unfurnished,5,5,4400,1
980000,Balikpapan Kota,200.0,150,SHM,Unfurnished,7,4,3500,2
125000,Balikpapan Kota,298.0,435,SHM,Furnished,7,3,10600,1
900000,Balikpapan Utara,110.0,120,SHM,Unfurnished,2,2,2200,1
700000,Balikpapan Selatan,100.0,72,SHM,Semi-furnished,3,2,1300,2
500000,Balikpapan Selatan,42.0,84,HGB,Furnished,2,1,1300,1
807000,Balikpapan Selatan,50.0,90,HGB,Unfurnished,3,2,2200,1
480000,Balikpapan Selatan,48.0,72,SHM,Unfurnished,2,1,1300,1
8500000,Balikpapan Baru,380.0,520,SHM,Unfurnished,4,2,6600,1
975000,Balikpapan Selatan,100.0,163,SHM,Unfurnished,4,2,1300,1
